customerID,gender,SeniorCitizen,Partner,Dependents,tenure,InternetService,OnlineSecurity,OnlineBackup,DeviceProtection,TechSupport,StreamingTV,StreamingMovies,Contract,PaperlessBilling,PaymentMethod,MonthlyCharges,TotalCharges,Churn
7590-VHVEG,0,0,1,0,1,1,0,1,0,0,0,0,0,1,0,29.85,29.85,0
7795-CFOCW,1,0,0,0,45,1,1,0,1,1,0,0,1,0,1,42.3,1840.75,0
6713-OKOMC,0,0,0,0,10,1,1,0,0,0,0,0,0,0,0,29.75,301.9,0
8779-QRDMV,1,1,0,0,1,1,0,0,1,0,0,1,0,1,0,39.65,39.65,1
8665-UTDHZ,1,0,1,1,1,1,0,1,0,0,0,0,0,0,0,30.2,30.2,1
0526-SXDJP,1,0,1,0,72,1,1,1,1,0,0,0,2,0,1,42.1,2962,0
8108-UXRQN,0,0,1,1,11,1,1,0,0,0,1,1,0,0,0,50.55,565.35,0
3016-KSVCP,1,0,1,0,29,1,0,0,0,0,1,0,0,0,0,33.75,1009.25,0
5386-THSLQ,0,1,1,0,66,1,0,1,1,0,1,0,1,0,1,45.55,3027.25,0
6180-YBIQI,1,0,0,0,5,1,0,0,0,0,0,0,0,0,0,24.3,100.2,0
9750-BOOHV,0,0,0,0,32,1,1,0,0,0,0,0,1,0,0,30.15,927.65,0
5256-SKJGO,0,0,1,1,64,1,0,1,0,1,1,1,2,1,0,54.6,3423.5,0
9560-BBZXK,0,0,0,0,36,1,1,0,0,0,0,0,2,0,1,31.05,1126.35,0
2639-UGMAZ,1,1,0,0,71,1,1,1,0,0,1,1,1,1,0,56.45,3985.35,0
6207-WIOLX,0,0,1,1,25,1,1,1,1,0,1,1,0,1,1,58.6,1502.65,1
3091-FYHKI,1,0,0,0,1,1,0,0,0,0,0,1,0,1,0,35.45,35.45,1
3445-HXXGF,1,1,1,0,58,1,0,1,1,0,0,1,0,1,0,45.3,2651.2,1
6317-YPKDH,0,0,0,0,1,1,0,1,0,0,0,0,0,0,1,29.95,29.95,1
1024-GUALD,0,0,1,0,1,1,0,0,0,0,0,0,0,1,0,24.8,24.8,1
8167-GJLRN,1,0,0,0,3,1,0,0,0,1,0,0,0,0,0,30.4,82.15,0
6348-SNFUS,1,0,1,1,72,1,1,1,1,1,0,1,2,1,1,55.45,4179.2,0
4195-NZGTA,0,0,0,0,1,1,0,0,0,0,0,0,0,0,0,25.25,25.25,0
0699-NDKJM,0,0,1,0,57,1,1,1,1,0,1,1,0,1,1,58.75,3437.45,0
9286-BHDQG,1,0,1,1,72,1,1,1,1,1,0,0,2,0,1,45.25,3139.8,0
0230-WEQUW,1,0,1,0,66,1,1,1,1,1,1,0,2,1,1,56.6,3789.2,0
6778-JFCMK,1,0,0,0,24,1,1,0,0,0,1,1,1,1,0,50.6,1288.75,0
0621-JFHOL,0,0,0,0,10,1,0,0,0,1,0,0,2,1,0,29.6,299.05,0
9514-JDSKI,1,1,1,0,1,1,0,1,0,0,1,0,0,0,0,40.2,40.2,1
4111-BNXIF,0,0,1,1,67,1,0,1,1,1,1,1,2,1,0,59.55,4103.9,0
5046-NUHWD,0,1,1,0,29,1,1,0,1,0,0,1,0,1,0,45.0,1228.65,0
7273-TEFQD,1,1,0,0,3,1,0,0,1,0,0,1,0,1,0,41.15,132.2,1
7605-BDWDC,0,0,0,0,31,1,1,1,0,1,0,1,2,1,1,49.85,1520.1,0
6366-ZGQGL,1,0,0,0,1,1,0,0,0,0,0,0,0,0,1,24.8,24.8,1
8645-KWHJO,1,0,0,0,14,1,0,0,1,1,1,1,0,1,0,55.0,771.95,0
8181-YHCMF,0,0,1,1,68,1,0,1,1,1,1,1,2,0,1,60.3,4109,0
9880-TDQAC,0,0,1,1,72,1,0,1,1,1,1,1,2,1,0,60.0,4264,0
8626-PTQGE,1,0,0,0,69,1,1,1,0,1,1,1,2,1,1,60.05,4176.7,0
5697-GOMBF,0,1,1,1,28,1,0,0,0,0,1,0,0,1,0,35.9,973.65,0
6243-OZGFH,0,0,0,0,23,1,0,0,0,0,1,1,0,1,0,44.95,996.85,0
0623-IIHUG,0,1,0,0,21,1,1,0,0,0,1,0,0,1,0,41.9,840.1,1
9057-MSWCO,1,1,1,0,27,1,1,0,0,0,0,0,0,0,1,30.75,805.1,1
6122-EFVKN,1,0,0,1,24,1,1,0,0,1,0,0,2,0,0,35.75,830.8,0
6158-HDPXZ,1,0,0,0,1,1,0,0,0,0,0,0,0,0,0,25.35,25.35,0
8204-YJCLA,1,1,1,1,72,1,1,1,1,1,1,1,2,1,1,64.8,4732.35,0
1708-PBBOA,0,0,0,0,42,1,1,1,1,1,0,1,1,1,0,54.75,2348.45,0
2519-ERQOJ,1,1,0,0,33,1,0,0,1,1,1,1,0,1,0,54.6,1803.7,0
8111-BKVDS,0,0,0,0,10,1,1,1,1,0,0,0,0,0,1,40.7,449.3,0
7781-HVGMK,0,0,1,1,72,1,1,1,1,1,1,1,2,1,1,65.2,4784.45,0
2320-SLKMB,0,0,0,0,26,1,0,0,1,1,1,0,0,1,1,44.45,1183.8,0
8847-GEOOQ,1,0,1,0,60,1,0,1,1,1,1,1,0,1,1,60.2,3582.4,0
2996-XAUVF,1,0,0,0,70,1,0,0,0,1,0,1,2,1,0,40.05,2799.75,0
0447-BEMNG,0,0,1,0,48,1,1,0,1,0,0,1,0,1,1,45.3,2145,1
4472-LVYGI,0,0,1,1,0,1,1,0,1,1,1,0,2,1,1,52.55, ,0
8205-OTCHB,1,0,0,0,22,1,0,1,1,0,0,1,1,1,1,43.75,903.6,1
6235-VDHOM,0,1,0,0,5,1,0,1,0,0,0,0,0,0,0,28.45,131.05,1
2817-NTQDO,1,0,0,0,13,1,1,0,0,1,1,0,0,1,1,45.55,597,1
0308-IVGOK,0,0,0,0,11,1,0,1,1,1,0,0,1,1,1,40.4,422.6,0
8208-EUMTE,1,0,0,0,16,1,1,1,1,1,1,0,2,0,0,54.85,916.15,0
6543-CPZMK,1,0,1,1,9,1,0,1,0,0,0,0,0,1,0,29.95,248.95,1
6464-KEXXH,1,0,0,0,8,1,0,0,0,0,0,0,0,1,1,25.25,186.3,0
4881-JVQOD,1,1,1,1,10,1,0,0,0,0,0,1,0,1,1,34.55,362.6,0
9411-TPQQV,0,0,0,0,40,1,1,0,0,1,1,1,1,1,1,54.55,2236.2,0
5650-VDUDS,0,0,0,0,4,1,0,0,0,0,0,0,0,1,0,24.25,96.05,1
5533-RJFTJ,1,0,0,0,49,1,0,0,1,0,0,0,0,1,1,30.2,1453.1,0
0214-JHPFW,0,0,1,0,70,1,0,1,1,1,1,1,2,0,1,57.8,4039.3,0
0823-HSCDJ,1,1,0,0,52,1,0,1,0,0,1,1,0,1,0,49.15,2550.9,1
0822-GAVAP,0,0,0,0,2,1,0,0,0,0,0,1,0,1,0,34.7,62.25,1
0946-FKYTX,1,0,0,0,52,1,0,1,0,0,0,0,1,0,0,30.1,1623.4,0
0114-IGABW,0,0,1,0,71,1,0,1,1,1,1,1,2,0,1,58.25,4145.9,0
1853-ARAAQ,0,0,0,0,26,1,0,0,1,0,1,1,0,1,1,50.35,1277.5,0
7595-EHCDL,1,0,1,1,32,1,0,0,1,0,1,1,0,0,1,50.6,1653.45,0
4718-DHSMV,0,0,0,0,11,1,0,0,0,0,1,0,0,1,0,35.8,363.15,0
9505-SQFSW,0,0,1,1,3,1,0,1,0,0,0,1,0,0,0,40.3,92.5,0
5125-CNDSP,1,0,0,1,63,1,1,1,0,1,0,0,1,1,1,40.6,2588.95,0
7131-ZQZNK,0,0,1,1,60,1,1,0,1,1,1,1,2,0,1,59.85,3590.2,0
4257-GAESD,0,0,0,0,6,1,0,0,0,0,1,1,0,0,1,45.0,298.7,0
3551-GAEGL,1,0,1,1,34,1,1,0,0,0,0,0,1,0,1,30.4,938.65,0
5337-IIWKZ,1,0,1,1,34,1,0,0,1,1,1,0,0,1,0,44.85,1442.6,0
6549-NNDYT,0,0,0,0,13,1,1,0,0,0,0,0,0,1,1,30.85,394.1,0
2316-ESMLS,0,0,1,1,12,1,1,0,0,1,0,0,1,0,1,33.15,444.75,0
5275-PMFUT,1,0,1,1,72,1,1,1,1,1,1,1,2,1,1,64.8,4719.75,0
0979-MOZQI,1,0,1,0,62,1,0,0,0,1,1,0,2,1,1,39.0,2337.45,0
5073-WXOYN,0,0,0,0,60,1,0,1,0,0,1,1,0,1,0,50.8,3027.4,1
3050-GBUSH,0,0,0,0,3,1,0,0,0,0,1,0,0,1,1,34.8,113.95,0
7876-AEHIG,0,0,0,1,51,1,1,0,1,1,1,1,1,0,1,60.15,3077,0
5170-PTRKA,0,0,1,1,49,1,1,0,0,1,0,0,1,1,1,35.8,1782,0
9227-LUNBG,0,0,0,0,1,1,0,0,0,0,0,0,0,0,0,24.6,24.6,1
4079-WWQQQ,1,0,0,0,72,1,1,1,1,1,1,1,2,1,1,65.55,4807.45,0
4198-VFOEA,0,0,0,0,12,1,1,0,0,1,0,0,1,1,0,33.6,435.45,0
0811-GSDTP,0,0,0,1,13,1,0,1,0,0,0,0,0,0,0,30.15,382.2,0
6115-ZTBFQ,0,0,1,0,72,1,1,1,1,1,1,1,2,0,1,65.5,4919.7,0
2826-DXLQO,1,1,1,0,7,1,1,0,0,0,0,0,0,0,1,29.8,220.45,0
8919-FYFQZ,1,1,1,0,44,1,0,1,0,0,0,0,0,1,0,30.35,1359.7,1
6614-YOLAC,0,0,1,1,71,1,1,1,0,1,1,1,2,0,0,58.65,4145.25,0
3748-FVMZZ,1,0,0,0,4,1,0,0,0,1,0,1,0,1,0,40.05,162.45,0
4581-LNWUM,0,0,0,0,13,1,0,0,1,0,1,1,0,0,0,49.15,649.4,0
1271-SJBGZ,1,1,0,0,12,1,0,0,1,1,0,1,0,1,0,43.65,526.95,1
3845-JHAMY,0,0,1,1,16,1,0,0,0,0,0,1,0,1,1,35.5,552.7,0
5669-SRAIP,0,0,0,0,5,1,0,0,1,0,0,1,0,0,0,39.5,210.75,1
7771-ZONAT,1,0,0,0,22,1,0,0,1,1,1,1,2,0,1,56.75,1304.85,0
0343-QLUZP,1,0,0,0,60,1,1,1,1,0,0,0,2,0,1,39.6,2424.5,0
1459-QNFQT,1,0,1,1,70,1,1,0,1,1,1,1,2,0,1,59.5,4144.8,0
4081-DYXAV,0,0,0,0,19,1,0,0,0,0,1,1,1,1,1,44.85,893.55,1
0841-NULXI,1,0,0,0,1,1,0,0,0,0,0,1,0,1,0,35.55,35.55,1
1430-SFQSA,1,0,0,0,29,1,1,0,0,1,0,0,1,0,0,35.6,1072.6,0
8807-ARQET,0,0,0,0,41,1,0,1,0,0,0,1,0,1,0,40.35,1677.85,0
5868-CZJDR,1,0,0,1,1,1,0,1,0,0,0,0,0,1,0,31.35,31.35,1
1282-IHQAC,1,1,0,0,70,1,0,1,1,0,1,0,1,1,1,44.05,3011.65,0
3164-YAXFY,1,0,0,0,57,1,1,0,1,0,1,1,0,1,0,53.75,3196,0
6791-YBNAK,1,0,1,1,18,1,0,0,0,0,0,0,0,0,1,25.55,467.85,0
3055-MJDSB,1,0,0,0,9,1,0,0,0,0,0,0,0,1,0,24.6,190.1,0
6581-NQCBA,0,0,1,0,16,1,0,0,0,1,1,1,0,1,0,49.95,810.2,1
0668-OGMHD,0,0,1,0,21,1,1,0,0,0,0,0,0,0,0,28.5,629.35,0
4030-VPZBD,0,0,0,0,2,1,0,0,0,1,0,0,0,1,0,30.9,59.05,1
0723-VSOBE,0,1,0,0,45,1,0,0,0,0,0,1,1,0,0,34.2,1596.6,0
4598-ZADCK,0,0,0,0,53,1,1,1,1,1,1,0,1,1,0,53.6,2879.2,0
4730-AWNAU,1,0,1,1,36,1,1,0,1,1,1,1,1,0,1,60.7,2234.55,0
5989-OMNJE,0,0,1,1,24,1,1,1,1,0,1,1,1,0,0,57.6,1367.75,0
3941-XTSKM,1,0,1,1,42,1,0,1,1,0,0,1,1,1,1,45.1,2049.05,0
6682-VCIXC,0,0,1,1,43,1,1,1,0,1,1,0,1,1,1,51.25,2151.6,0
7537-RBWEA,0,0,0,0,1,1,0,0,0,0,0,0,0,1,0,25.15,25.15,0
0121-SNYRK,1,0,0,0,50,1,1,0,0,1,0,0,1,1,0,35.4,1748.9,0
1768-ZAIFU,0,1,0,0,1,1,0,0,0,0,0,0,0,1,0,25.2,25.2,1
1371-DWPAZ,0,0,1,1,0,1,1,1,1,1,1,0,2,0,1,56.05, ,0
2625-TRCZQ,0,0,1,0,51,1,0,1,0,0,1,1,0,1,0,49.65,2553.35,0
7722-VJRQD,1,0,1,1,72,1,1,0,1,1,1,1,2,0,1,60.95,4549.05,0
7721-JXEAW,1,0,1,0,59,1,0,1,0,0,0,1,0,1,1,41.05,2452.7,1
0562-KBDVM,0,0,0,0,70,1,1,1,1,1,0,0,2,1,1,44.6,3058.15,0
6240-EURKS,0,0,0,1,18,1,0,0,0,0,0,1,0,1,0,35.0,553,1
0895-UADGO,1,0,0,1,8,1,1,0,0,1,0,1,2,1,0,44.55,343.45,0
4859-ZSRDZ,0,0,1,1,58,1,0,0,1,1,1,1,2,1,1,55.5,3166.9,0
0222-CNVPT,1,1,0,0,52,1,1,0,0,0,1,1,0,1,1,48.8,2555.05,0
6281-FKEWS,0,0,0,0,44,1,0,0,1,0,1,1,1,1,0,49.05,2265,0
8898-KASCD,1,0,0,0,39,1,0,0,1,1,0,0,1,0,0,35.55,1309.15,0
9242-TKFSV,1,0,1,1,72,1,1,1,1,1,1,1,2,1,1,65.1,4754.3,0
7041-TXQJH,0,0,0,0,37,1,0,0,1,0,0,1,0,1,1,40.2,1478.85,0
8819-WFGGJ,1,0,1,0,68,1,1,0,1,0,1,1,2,1,1,54.1,3794.5,0
0661-XEYAN,0,1,0,0,1,1,0,0,0,0,0,0,0,1,0,25.8,25.8,1
7881-EVUAD,0,0,0,0,2,1,1,1,0,0,0,1,0,1,0,42.6,72.4,1
7338-ERIVA,1,0,0,1,39,1,1,0,0,1,1,0,1,0,1,45.05,1790.6,0
8259-NFJTV,0,0,1,1,7,1,1,0,0,1,0,0,0,0,0,34.65,246.6,0
2782-JEEBU,1,0,0,0,21,1,0,1,0,1,0,0,0,1,0,36.0,780.15,0
9906-NHHVC,0,1,0,0,65,1,0,1,1,0,1,1,2,1,1,53.5,3517.9,0
3813-DHBBB,1,0,1,0,67,1,1,1,0,1,0,1,2,1,1,50.95,3521.7,0
6022-KOUQO,0,0,1,1,2,1,0,0,0,1,0,0,0,0,1,29.05,44.75,0
9995-HOTOH,1,0,1,1,63,1,1,1,1,0,1,1,2,0,0,59.0,3707.6,0
4999-IEZLT,1,0,0,0,66,1,0,0,0,1,0,0,1,0,1,29.45,1983.15,0
3307-TLCUD,1,0,1,0,17,1,1,0,1,0,0,0,0,0,0,34.4,592.75,0
0274-JKUJR,1,0,1,1,7,1,1,1,1,0,1,1,0,0,0,58.85,465.7,0
1696-MZVAU,1,0,1,1,39,1,0,0,0,0,0,0,1,1,1,25.25,947.75,0
0375-HVGXO,0,0,0,0,1,1,0,0,0,0,1,0,0,1,0,34.7,34.7,1
8158-WPEZG,1,0,0,0,11,1,0,1,0,1,0,0,0,1,0,35.65,425.1,0
9060-HJJRW,0,0,0,0,51,1,0,1,1,0,1,1,1,1,1,56.4,2928.5,0
7511-YMXVQ,1,0,0,0,9,1,0,0,0,0,1,1,0,1,0,45.4,418.8,1
2586-CWXVV,1,0,1,0,54,1,0,1,0,0,0,0,0,0,0,30.4,1621.35,0
7492-TAFJD,1,0,1,1,7,1,1,1,1,0,0,0,2,0,0,38.55,280,0
2773-MADBQ,0,0,0,0,36,1,1,1,1,1,0,1,2,1,0,53.1,1901.25,0
6701-DHKWQ,0,0,1,1,61,1,0,1,1,1,1,0,2,0,1,51.35,3244.4,0
2959-EEXWB,0,0,1,1,45,1,1,0,0,0,1,1,0,1,1,50.9,2333.85,0
3132-TVFDZ,1,1,1,0,57,1,0,0,0,0,1,1,0,1,0,44.85,2572.95,1
4115-UMJFQ,1,0,0,0,69,1,0,1,1,0,0,0,1,1,1,35.75,2492.25,0
2485-ITVKB,0,0,1,0,2,1,0,0,0,0,0,1,0,1,0,35.1,68.75,1
6702-OHFWR,1,1,0,0,1,1,0,1,1,0,0,1,0,1,0,43.3,43.3,1
0523-VNGTF,0,1,0,0,52,1,0,1,1,1,1,0,0,1,0,50.5,2566.3,0
4524-QCSSM,1,0,0,0,26,1,1,1,0,0,0,1,0,1,1,44.65,1156.55,0
8069-YQQAJ,1,0,0,0,14,1,0,1,0,0,0,0,0,1,0,31.1,419.7,0
1636-NTNCO,1,1,0,0,4,1,0,1,0,0,1,1,0,1,1,50.95,207.35,0
9281-PKKZE,0,0,1,0,46,1,0,0,0,0,1,1,0,1,0,43.95,2007.85,0
2361-FJWNO,1,0,0,0,40,1,0,1,0,1,0,0,1,0,1,36.0,1382.9,0
6637-KYRCV,0,0,1,1,5,1,0,1,0,0,0,0,0,1,0,30.5,167.2,0
0420-BWTPW,1,0,0,1,8,1,0,0,0,0,0,0,0,0,0,25.5,215.2,1
5882-CMAZQ,0,0,1,1,5,1,0,1,0,1,0,0,0,0,0,34.25,163.55,0
5110-CHOPY,0,0,0,0,60,1,1,0,1,0,1,1,2,0,0,53.6,3237.05,0
8901-HJXTF,0,0,1,1,12,1,0,1,0,0,0,0,0,0,0,29.2,309.1,1
9885-MFVSU,0,0,1,1,35,1,1,0,0,1,1,0,2,1,1,46.35,1662.05,0
7615-ESMYF,0,0,1,0,2,1,0,0,0,0,1,1,0,0,0,44.6,97.1,1
0017-DINOC,1,0,0,0,54,1,1,0,0,1,1,0,2,0,1,45.2,2460.55,0
5349-AZPEW,0,0,1,1,5,1,0,0,0,0,0,0,0,0,0,25.05,125.5,0
2538-OIMXF,0,0,0,1,1,1,0,0,0,0,0,0,0,0,0,24.7,24.7,0
4872-JCVCA,0,0,1,0,71,1,1,1,1,1,0,0,2,1,1,47.6,3377.8,0
3806-DXQOM,0,0,0,0,4,1,1,1,0,0,0,0,0,1,0,33.65,137.85,1
3933-DQPWX,0,0,0,0,50,1,0,1,1,1,0,0,2,0,1,39.7,1932.75,0
6661-EIPZC,0,0,1,1,48,1,0,0,0,1,0,0,0,1,1,29.5,1423.05,0
4139-DETXS,0,0,1,1,72,1,1,1,1,1,1,1,2,0,1,64.45,4528,0
7802-EFKNY,1,0,1,0,5,1,0,0,0,0,0,0,0,1,0,24.95,100.4,1
8035-BUYVG,1,0,1,0,40,1,1,1,1,0,0,0,1,1,0,42.35,1716.45,1
5656-MJEFC,1,0,1,1,42,1,1,0,1,1,1,0,2,0,1,48.15,2032.3,0
3689-MOZGR,0,0,0,0,29,1,0,0,0,1,0,0,0,1,0,31.2,926.2,0
4312-GVYNH,0,0,1,0,70,1,1,0,1,1,0,1,2,1,1,49.85,3370.2,0
1153-GNOLC,1,0,0,0,33,1,0,1,0,0,1,0,1,1,0,39.1,1309,0
3298-QEICA,0,0,1,1,23,1,1,0,0,1,0,0,2,0,0,34.6,813.45,0
2212-LYASK,1,0,1,1,27,1,0,1,1,0,0,1,1,1,1,45.85,1246.4,0
8069-RHUXK,0,0,1,1,67,1,1,0,0,1,0,0,2,0,1,35.7,2545.7,0
7470-MCQTK,0,0,1,0,13,1,0,0,1,0,1,1,0,1,1,48.75,633.4,1
2672-DZUOY,1,0,0,0,1,1,0,0,0,0,0,0,0,1,0,25.15,25.15,1
4967-WPNCF,1,0,0,0,72,1,1,1,1,1,1,1,2,1,1,63.7,4464.8,0
0234-TEVTT,0,0,1,1,48,1,1,0,1,0,0,1,1,0,1,45.0,2196.3,0
9796-MVYXX,0,1,0,0,14,1,1,0,1,1,0,0,2,0,0,39.7,692.35,0
2683-JXWQQ,1,0,1,1,61,1,1,0,1,0,0,0,0,0,1,33.6,2117.2,0
7989-AWGEH,1,0,1,1,49,1,1,0,0,0,0,1,0,1,0,39.2,1838.15,0
6114-TCFID,0,0,0,0,29,1,1,1,0,1,0,0,1,0,1,39.5,1082.75,0
3787-TRIAL,1,0,1,1,21,1,0,0,0,0,0,0,0,1,0,26.05,565.75,0
5156-UMKOW,0,0,0,1,3,1,0,1,0,0,0,0,0,0,0,29.65,90.05,0
7389-KBFIT,0,0,1,1,2,1,0,1,0,0,0,0,0,1,0,30.25,63.75,0
7176-WIONM,0,0,1,0,12,1,0,0,1,0,1,1,0,1,1,49.85,617.15,0
3275-RHRNE,1,0,1,1,28,1,0,1,1,1,1,1,1,1,1,60.0,1682.05,0
1623-NLDOT,0,0,1,0,42,1,0,1,0,1,0,0,1,0,0,33.55,1445.3,1
7021-XSNYE,1,0,1,1,7,1,1,0,1,1,0,1,2,0,1,49.65,305.55,0
4307-KWMXE,1,0,0,0,10,1,0,1,0,1,0,0,0,0,0,35.75,389.8,0
3694-DELSO,1,0,1,1,4,1,1,0,0,0,1,0,0,0,1,38.55,156.1,0
3893-JRNFS,1,0,0,0,68,1,0,0,1,0,0,1,0,1,1,39.9,2796.35,0
1049-FYSYG,0,0,1,0,17,1,0,1,1,0,0,0,0,1,1,35.65,646.05,0
7854-FOKSF,1,0,0,0,1,1,0,0,0,0,0,1,0,0,0,35.9,35.9,1
8263-JQAIK,1,1,0,0,2,1,0,0,0,0,0,0,0,1,0,24.45,47.5,1
8314-DPQHL,1,0,0,0,9,1,1,0,1,1,0,1,1,0,0,50.8,463.6,0
1740-CSDJP,1,0,0,0,1,1,0,0,0,0,0,1,0,1,1,35.25,35.25,1
2636-OHFMN,1,0,1,0,4,1,0,1,0,0,1,1,0,1,0,48.55,201,1
9206-GVPEQ,1,0,1,0,13,1,1,0,0,1,1,1,0,1,0,54.45,706.85,1
5397-NSKQG,1,0,1,1,67,1,1,0,0,0,1,1,2,0,1,50.9,3281.65,0
7758-UJWYS,1,0,1,1,34,1,0,0,0,1,1,0,2,1,0,40.55,1325.85,0
0739-UUAJR,0,0,1,1,72,1,1,0,1,0,1,1,2,1,1,53.8,3952.45,0
7963-SHNDT,0,0,0,0,52,1,1,1,0,1,0,0,2,0,0,39.1,1982.1,0
0277-ORXQS,1,0,1,1,66,1,0,0,0,1,1,1,2,0,1,50.55,3364.55,0
4323-SADQS,1,0,1,1,7,1,1,0,0,1,0,0,0,1,0,34.5,279.25,1
5202-IVJNU,0,0,0,1,39,1,0,0,1,0,0,0,0,0,1,30.1,1131.3,1
4611-ANLQC,0,0,1,0,60,1,1,1,1,0,0,1,1,0,0,50.05,2911.5,0
7665-NKLAV,0,0,1,1,36,1,1,0,1,1,0,0,2,0,1,40.65,1547.35,0
2011-TRQYE,1,0,0,0,18,1,0,1,1,0,0,0,0,1,1,33.5,600,1
8780-YRMTT,0,0,0,0,66,1,1,1,1,1,0,0,2,1,0,47.4,3177.25,0
8348-HFYIV,1,0,0,0,2,1,0,0,1,0,1,1,0,1,0,49.25,90.35,1
9674-EHPPG,1,0,1,0,46,1,1,0,1,1,0,0,2,0,1,40.4,1842.7,0
5472-CVMDX,0,0,0,0,68,1,1,0,1,1,0,0,2,0,0,38.9,2719.2,0
2346-DJQTB,0,0,0,0,35,1,0,0,0,0,0,0,0,0,0,24.15,812.5,0
6128-AQBMT,1,1,1,0,41,1,0,1,1,0,1,1,0,1,0,53.95,2215.4,0
5133-VRSAB,1,0,0,0,8,1,1,0,0,0,0,0,0,0,0,29.35,216.45,0
7274-CGTOD,1,0,0,0,62,1,1,1,1,1,0,0,2,1,1,43.7,2618.3,0
4236-UJPWO,0,0,0,0,2,1,0,0,0,0,0,0,0,0,0,24.5,46.4,0
6402-SSEJG,0,0,0,0,25,1,1,1,1,0,1,1,1,0,0,61.05,1540.2,0
2495-INZWQ,1,0,0,0,4,1,0,0,0,0,1,1,0,1,0,44.55,174.3,1
7909-FIOIY,0,0,1,1,19,1,0,0,0,0,0,0,0,1,0,24.85,434.8,0
4139-SUGLD,1,0,1,1,31,1,1,0,0,1,0,0,0,0,1,35.4,1077.5,1
6351-SCJKT,1,0,0,0,3,1,1,0,1,1,0,0,0,0,0,41.35,107.25,0
2408-WITXK,0,1,0,0,10,1,0,0,0,0,0,1,0,1,0,34.7,329.8,1
2770-NSVDG,1,0,1,0,24,1,0,0,1,0,0,0,0,0,0,29.1,688,0
5533-NHFRF,1,1,0,0,7,1,0,1,0,1,0,1,0,1,0,44.4,265.8,0
6158-DWPZT,1,0,1,0,9,1,0,0,0,0,0,0,1,0,1,24.1,259.8,1
4360-QRAVE,1,1,0,0,37,1,0,1,1,0,0,0,0,0,0,36.65,1315,0
7599-NTMDP,0,0,1,1,62,1,1,1,0,1,1,0,2,0,1,48.7,3008.55,0
9743-DQKQW,1,0,0,0,3,1,0,0,0,0,0,0,0,0,0,25.1,79.8,0
1215-VFYVK,0,0,0,0,4,1,1,0,1,1,0,1,0,0,0,48.25,202.25,0
9830-ECLEN,1,0,1,1,58,1,1,1,1,0,1,0,1,0,0,50.0,2919.85,0
6505-OZNPG,0,0,0,0,6,1,1,1,1,1,1,1,2,1,0,63.4,348.8,0
6164-HAQTX,1,0,0,0,71,1,1,1,1,1,1,0,2,0,1,53.95,3888.65,0
0953-LGOVU,1,0,1,1,12,1,0,1,0,1,0,0,0,0,0,35.5,432.25,0
6203-HBZPA,1,0,0,0,52,1,1,1,1,1,1,1,2,0,1,63.9,3334.95,0
0301-FIDRB,0,0,1,1,72,1,1,1,1,1,1,1,2,1,1,63.8,4684.3,0
4139-JPIAM,1,0,0,0,51,1,1,0,0,1,0,1,0,1,1,44.45,2181.55,0
2761-XECQW,1,1,1,0,8,1,0,1,1,0,0,1,0,1,0,43.35,371.4,0
1936-CZAKF,1,0,1,0,49,1,0,1,0,0,1,1,2,0,1,49.65,2409.9,0
2606-PKWJB,1,0,0,1,40,1,1,1,0,1,0,0,1,0,0,40.25,1564.05,0
6313-GIDIT,1,1,0,0,53,1,0,1,1,0,1,1,0,1,0,54.45,2854.55,1
5311-IHLEI,1,0,0,0,12,1,1,1,0,1,1,0,0,1,1,50.95,605.75,0
3237-AJGEH,0,0,1,1,3,1,0,0,0,1,0,0,0,1,0,31.0,95.05,1
8648-PFRMP,0,1,0,0,14,1,0,0,0,0,1,1,0,1,0,46.35,672.7,0
9443-JUBUO,1,0,1,1,72,1,1,1,1,1,1,1,2,1,1,65.25,4478.85,0
2309-OSFEU,1,0,0,0,10,1,0,0,0,0,0,1,0,1,0,33.9,298.45,1
4177-JPDFU,1,0,0,0,12,1,0,1,0,1,0,0,0,0,0,34.0,442.45,0
8046-DNVTL,1,0,1,0,62,1,1,1,0,1,0,0,2,1,1,38.6,2345.55,0
2209-XADXF,0,0,0,0,1,1,0,0,0,0,0,0,0,0,1,25.25,25.25,0
5199-FPUSP,1,0,0,1,33,1,1,0,0,1,0,0,1,0,1,34.05,1113.95,0
8740-XLHDR,1,0,0,0,5,1,1,1,1,1,0,0,0,1,0,43.25,219,1
4702-HDRKD,1,0,0,0,67,1,1,0,1,1,1,0,1,1,1,49.35,3321.35,0
5456-ITGIC,1,1,1,0,72,1,1,1,1,1,1,1,2,1,1,64.45,4641.1,0
1322-AGOQM,1,0,0,0,46,1,0,1,0,0,0,0,0,0,1,30.3,1380.1,1
3677-IYRBF,0,1,0,0,2,1,0,0,1,0,0,0,0,1,0,30.4,78.65,1
7089-XXAYG,1,0,1,0,25,1,0,0,1,0,1,0,1,1,1,38.1,970.4,0
8070-AAWZP,1,1,1,0,24,1,0,0,1,1,0,0,0,0,0,34.25,828.2,0
7351-MHQVU,0,0,0,0,6,1,1,1,0,1,0,1,0,0,1,50.95,307.6,0
5762-TJXGK,0,0,0,0,52,1,1,1,1,0,1,1,2,1,1,58.75,3038.55,0
1777-JYQPJ,1,0,0,0,2,1,0,0,0,0,0,0,0,0,0,24.3,38.45,0
6032-IGALN,0,0,0,0,1,1,0,0,0,0,0,0,0,1,0,25.1,25.1,1
3911-RSNHI,0,0,1,0,71,1,0,1,1,1,1,1,2,1,1,61.4,4310.35,0
9754-CLVZW,0,0,1,1,26,1,1,1,0,1,0,0,0,0,1,38.85,1025.15,0
1432-FPAXX,0,0,0,0,29,1,0,1,0,0,0,0,0,1,0,30.6,856.35,1
3181-VTHOE,1,0,1,0,70,1,0,1,1,1,0,1,1,1,1,51.05,3635.15,0
1142-WACZW,1,0,0,0,2,1,0,0,0,1,0,0,0,0,1,29.85,75.6,1
6029-CSMJE,1,0,0,0,17,1,0,0,0,0,0,0,0,1,0,25.65,440.2,0
2253-KPMNB,0,0,1,1,69,1,1,1,1,1,0,0,2,0,1,46.25,3121.4,0
6968-MHOMU,1,0,1,0,58,1,0,0,0,0,1,1,1,1,1,45.0,2689.35,0
1814-WFGVS,1,0,1,1,72,1,1,0,1,1,1,0,2,0,0,48.9,3527,0
7890-VYYWG,1,1,1,0,3,1,0,0,0,0,1,0,0,1,0,36.45,93.7,1
9907-SWKKF,0,1,0,0,1,1,0,0,0,0,0,0,0,0,0,25.05,25.05,1
3745-HRPHI,1,0,1,1,66,1,0,0,1,1,1,1,2,0,1,54.65,3632,0
7636-OWBPG,1,1,0,0,12,1,0,1,0,0,0,0,0,1,1,29.35,381.2,0
6397-JNZZG,0,1,1,0,43,1,0,1,1,0,1,1,0,0,1,55.55,2342.2,1
4032-RMHCI,0,0,1,1,41,1,1,0,1,0,0,0,1,0,1,35.4,1412.4,0
5960-MVTUK,1,0,0,0,3,1,0,0,0,1,0,0,0,1,0,29.75,96.85,0
3082-VQXNH,1,0,1,0,3,1,0,1,0,0,0,0,0,0,1,29.8,94.4,0
0928-JMXNP,1,1,1,0,4,1,0,0,1,0,0,0,0,1,0,29.9,118.25,0
4825-XJGDM,0,0,0,0,61,1,1,1,1,1,0,0,1,0,1,43.7,2696.55,0
3665-JATSN,0,0,0,0,19,1,0,1,0,0,0,1,0,1,0,39.7,710.05,0
7365-BVCJH,1,0,0,0,1,1,0,0,0,0,0,0,0,1,0,24.4,24.4,0
7075-BNDVQ,0,0,0,0,4,1,1,0,1,0,0,0,0,0,0,35.0,135.75,0
7284-BUYEC,0,0,0,0,5,1,0,1,0,0,1,1,0,1,1,50.95,229.4,0
6137-MFAJN,0,0,0,0,48,1,1,1,0,0,1,0,0,1,0,44.8,2104.55,0
9139-TWBAS,0,0,1,0,26,1,1,1,1,0,1,0,1,0,1,47.85,1190.5,0
5016-ETTFF,1,0,0,0,10,1,0,0,1,0,0,0,0,0,0,29.5,255.25,1
0384-LPITE,1,0,0,0,40,1,1,1,1,0,1,1,1,0,1,62.05,2511.55,0
7029-IJEJK,0,0,0,0,54,1,1,0,0,1,0,1,1,0,1,44.1,2369.7,0
3474-BAFSJ,1,0,1,0,57,1,0,1,1,1,1,1,2,1,1,57.5,3265.95,0
5307-UVGNB,0,0,1,1,53,1,1,1,1,0,0,1,0,1,1,48.7,2495.2,0
4837-PZTIC,0,0,0,0,47,1,1,0,1,1,0,0,2,0,0,41.9,1875.25,0
1837-YQUCE,0,0,0,0,70,1,1,0,1,1,1,1,2,1,1,58.35,4214.25,0
3739-YBWAB,1,0,1,0,36,1,1,0,1,0,0,0,1,0,0,35.35,1317.95,0
6773-LQTVT,0,1,1,1,29,1,0,1,1,0,0,0,0,1,0,35.65,1025.15,0
0975-VOOVL,0,0,0,0,3,1,0,1,0,0,0,0,0,0,0,29.2,98.5,0
6738-ISCBM,1,0,0,0,44,1,1,0,1,0,1,1,1,1,0,54.0,2440.25,0
1335-NTIUC,1,0,0,0,9,1,0,0,0,0,0,0,0,1,0,24.95,190.25,0
1530-ZTDOZ,0,0,1,0,49,1,1,0,0,0,1,0,0,0,1,40.65,2070.75,0
1301-LOPVR,1,0,1,1,29,1,1,1,1,1,0,1,1,1,1,55.35,1636.95,0
2045-BMBTJ,0,1,0,0,33,1,1,1,1,0,1,1,0,1,1,59.45,1884.65,0
9501-UKKNL,1,0,0,0,59,1,0,0,0,1,1,1,0,1,0,51.7,3005.8,0
2292-XQWSV,1,0,1,1,40,1,0,1,1,1,1,1,1,0,0,60.3,2448.5,0
8722-NGNBH,1,0,0,0,5,1,1,0,1,1,0,0,0,0,0,40.0,223.45,1
9026-LHEVG,0,0,0,0,9,1,0,1,0,0,0,1,0,0,0,40.75,359.4,0
1925-LFCZZ,1,1,0,0,55,1,0,0,1,0,1,1,1,1,1,50.05,2743.45,0
8039-EQPIM,1,0,1,0,69,1,1,0,1,1,1,1,2,0,1,60.25,4055.5,0
3346-BRMIS,0,1,1,0,18,1,0,0,1,0,1,1,0,1,0,48.35,810.7,1
9373-WSLOY,1,1,1,0,33,1,0,1,1,1,1,0,0,1,0,50.0,1750.85,0
2933-FILNV,0,0,1,1,2,1,0,0,0,0,0,0,0,1,0,24.4,36.55,1
0612-RTZZA,0,1,0,0,1,1,0,0,0,0,0,0,0,0,0,25.25,25.25,1
8106-GWQOK,1,0,1,0,38,1,1,1,0,1,1,1,2,1,1,60.0,2193.2,0
2259-OUUSZ,1,0,0,0,7,1,0,0,1,1,0,0,1,1,1,35.5,249.55,0
6656-JWRQX,0,0,0,0,1,1,0,0,0,1,0,0,0,0,0,30.55,30.55,0
0836-SEYLU,1,0,1,0,9,1,0,0,0,1,1,0,0,0,0,40.65,328.95,1
7244-QWYHG,1,0,1,0,50,1,1,0,0,1,1,0,1,1,1,44.45,2188.45,0
6038-GCYEC,0,0,0,0,24,1,0,1,1,0,1,1,0,1,1,54.15,1240.25,1
8328-SKJNO,1,0,0,1,23,1,1,1,0,1,0,0,1,0,1,40.65,947.4,0
0191-EQUUH,0,0,0,1,25,1,1,0,0,1,0,0,2,0,1,35.05,844.45,0
4950-BDEUX,1,0,0,0,35,1,0,0,1,0,1,1,0,0,0,49.2,1701.65,0
1816-FLZDK,1,0,0,0,1,1,0,0,0,1,0,0,0,0,0,29.15,29.15,0
9136-ALYBR,1,0,0,0,1,1,0,0,0,0,0,0,0,1,0,24.45,24.45,1
8260-NGFNY,0,0,0,0,1,1,0,0,0,0,0,0,0,0,0,25.2,25.2,1
6174-NRBTZ,1,0,0,0,46,1,1,0,0,0,0,0,1,1,1,30.75,1489.3,0
9862-KJTYK,1,0,0,1,19,1,0,0,0,0,0,0,0,1,1,25.35,566.1,0
1099-BTKWT,0,0,1,0,68,1,1,0,1,0,1,1,1,1,0,54.4,3723.65,0
7340-KEFQE,0,0,1,1,51,1,1,0,0,1,0,0,2,0,1,34.2,1782,0
2898-LSJGD,0,0,1,1,21,1,1,0,1,0,1,1,1,1,0,55.95,1157.05,1
5999-LCXAO,0,0,0,0,1,1,1,0,0,0,0,0,0,0,0,29.9,29.9,0
5759-RCVCB,0,0,0,0,3,1,0,0,0,0,1,0,0,0,1,35.2,108.95,1
7950-XWOVN,1,0,0,0,11,1,0,1,1,0,0,0,0,0,0,34.7,383.55,0
1729-VLAZJ,0,0,0,1,10,1,1,1,0,1,0,0,1,0,0,40.25,411.45,0
1559-DTODC,1,0,0,0,19,1,0,0,0,0,0,0,0,1,1,25.15,468.35,0
3815-SLMEF,0,0,0,0,3,1,1,0,0,1,0,0,0,0,0,34.25,139.35,1
5154-VEKBL,0,0,0,0,9,1,1,0,1,1,1,1,0,0,0,58.5,539.85,1
6704-UTUKK,1,0,1,0,29,1,0,0,0,0,1,1,0,1,0,45.9,1332.4,0
7421-ZLUPA,0,0,0,0,8,1,0,1,0,0,0,0,0,1,0,29.25,226.95,0
3441-CGZJH,0,0,1,1,43,1,1,0,1,1,1,1,1,1,1,60.4,2640.55,0
5261-QSHQM,0,0,0,0,4,1,0,0,0,0,0,0,0,1,0,24.45,86.6,1
1334-FJSVR,1,0,0,0,1,1,0,0,0,0,0,0,0,1,0,24.25,24.25,1
7634-WSWDB,0,0,0,1,8,1,1,0,0,0,0,1,0,1,0,38.5,330.8,0
0743-HRVFF,0,0,1,1,51,1,0,0,1,1,1,1,1,1,0,56.15,2898.95,0
4334-HOWRP,1,1,1,0,72,1,1,1,1,1,1,1,2,1,1,64.95,4546,0
1329-VHWNP,0,0,0,0,7,1,0,0,0,0,0,0,0,0,1,25.05,189.95,0
5590-YRFJT,0,0,1,0,20,1,0,0,0,0,0,0,0,1,0,24.45,482.8,1
0019-GFNTW,0,0,0,0,56,1,1,1,1,1,0,0,2,0,1,45.05,2560.1,0
9581-GVBXT,1,0,1,1,59,1,1,0,1,0,0,0,1,0,0,34.8,1980.3,0
5862-BRIXZ,1,0,0,0,46,1,1,0,1,1,1,1,2,1,1,60.75,2893.4,0
3308-JSGML,1,1,1,0,59,1,1,0,1,1,1,1,2,1,1,64.05,3886.85,0
6762-QVYJO,0,0,1,1,58,1,1,0,1,1,1,1,2,0,0,59.75,3624.35,0
9667-EQRXU,0,1,0,0,30,1,0,0,1,0,1,0,0,1,0,40.3,1172.95,1
9522-BNTHX,0,1,0,0,34,1,0,1,1,0,1,1,0,1,0,56.25,1765.95,0
4676-WLUHT,1,0,0,0,54,1,1,1,0,0,0,1,2,0,1,46.2,2431.95,0
3329-WDIOK,0,0,0,0,3,1,0,1,0,0,1,1,0,1,0,50.6,155.35,1
6537-QLGEX,0,0,0,0,16,1,1,0,0,0,1,0,0,1,0,38.9,664.4,0
3160-TYXLT,1,0,0,0,53,1,1,1,0,0,0,1,0,1,1,46.3,2546.85,0
5640-CAXOA,0,0,0,0,30,1,0,0,0,1,0,1,1,1,1,40.35,1187.05,0
6624-JDRDS,0,0,0,0,6,1,1,0,0,0,0,0,0,0,1,29.45,161.45,0
0746-JTRFU,1,0,0,0,2,1,0,0,0,0,0,0,0,1,0,25.05,56.35,1
4628-CTTLA,1,0,0,0,57,1,0,1,0,0,1,0,0,1,0,39.3,2111.45,1
4439-YRNVD,0,0,0,0,10,1,0,1,0,1,0,0,0,0,0,36.25,374,0
6834-NXDCA,0,0,0,0,13,1,0,0,0,0,0,0,0,1,0,23.9,300.8,1
8450-UYIBU,0,1,0,0,35,1,0,0,1,0,1,0,0,1,0,39.85,1434.6,0
6559-ILWKJ,1,0,1,0,71,1,0,1,0,0,1,1,2,0,0,49.35,3515.25,1
7733-UDMTP,0,1,0,0,57,1,0,1,1,0,1,1,0,1,0,55.0,3094.05,0
0769-MURVM,0,0,1,1,72,1,1,1,1,1,1,1,2,0,1,65.7,4575.35,0
1194-BHJYC,1,0,1,0,61,1,1,0,1,1,1,1,2,1,0,62.15,3778.85,0
3285-UCQVC,0,0,0,0,37,1,0,0,0,1,0,0,0,0,1,28.6,973.55,1
1209-VFFOC,1,0,1,1,68,1,1,1,1,1,0,1,2,1,0,56.4,3948.45,0
5482-PLVPE,0,1,0,0,2,1,0,0,0,0,0,0,0,0,0,24.35,41.85,1
6917-IAYHD,1,0,0,1,1,1,0,1,0,1,0,0,0,0,0,33.6,33.6,0
8316-BBQAY,0,0,0,0,65,1,1,0,1,1,1,1,2,0,1,59.95,3921.1,0
8706-HRADD,1,0,0,0,21,1,1,0,0,1,1,0,0,1,0,43.55,1011.5,0
9955-QOPOY,1,0,1,0,69,1,0,1,1,1,1,1,1,1,1,60.8,4263.4,0
4664-NJCMS,0,0,1,0,33,1,1,0,1,1,1,1,2,0,1,59.55,2016.3,0
6481-LXPWL,1,0,1,1,56,1,0,1,1,0,0,0,1,1,1,36.1,1971.5,0
6867-ACCZI,0,0,1,1,24,1,1,1,1,1,0,1,2,1,0,52.5,1208.15,0
8582-KRHPJ,1,0,0,0,50,1,1,1,0,0,0,0,0,1,0,35.0,1782.4,0
7734-DBOAI,0,0,1,1,1,1,0,0,0,1,1,0,0,0,0,40.1,40.1,1
2582-FFFZR,0,0,0,0,22,1,0,0,1,0,1,1,0,1,0,50.6,1073.3,0
8908-NMQTX,1,0,0,0,72,1,1,1,1,1,1,1,2,1,1,65.6,4566.5,0
2187-LZGPL,0,0,0,0,7,1,0,1,0,0,0,1,0,1,1,40.1,293.3,1
9708-HPXWZ,1,1,0,0,5,1,0,0,1,1,1,0,0,0,1,45.4,214.75,0
2592-SEIFQ,1,0,0,0,3,1,0,0,0,0,0,0,0,0,0,24.75,66.95,1
0023-HGHWL,1,1,0,0,1,1,0,0,0,0,0,0,0,1,0,25.1,25.1,1
5215-LNLDJ,0,0,1,1,7,1,0,0,0,0,0,0,0,1,0,24.7,149.05,0
9039-RBEEE,1,0,0,0,39,1,1,1,0,1,1,0,0,1,1,48.95,1880.85,1
5227-JSCFE,1,1,1,0,71,1,1,1,1,1,0,0,2,0,1,46.35,3353.4,0
3621-CHYVB,0,0,1,0,57,1,1,0,1,1,0,1,0,1,1,49.9,2782.4,0
4729-XKASR,1,0,0,1,1,1,0,0,0,0,0,0,0,0,0,24.75,24.75,1
3891-NLXJB,1,0,0,0,37,1,1,1,0,1,0,0,2,1,0,40.55,1390.85,0
3606-SBKRY,1,0,0,0,31,1,0,0,1,0,1,1,1,1,0,50.05,1523.4,0
1139-WUOAH,1,0,0,0,57,1,0,0,1,1,1,1,2,0,1,53.35,3090.05,0
8644-XYTSV,1,0,1,0,42,1,1,0,0,0,1,0,0,1,1,40.15,1626.05,0
8671-KKKOS,0,0,1,0,46,1,1,1,0,0,1,0,0,0,0,45.55,2062.15,0
1100-DDVRV,1,0,1,0,17,1,0,1,0,0,1,1,0,1,0,49.8,836.35,0
5944-UGLLK,1,0,0,0,53,1,0,0,1,1,1,1,1,0,1,54.9,3045.75,0
1866-DIOQZ,0,0,1,0,71,1,1,1,1,1,1,1,1,0,1,66.8,4689.15,0
3594-KADLU,1,0,1,0,3,1,1,0,0,1,0,0,0,0,0,35.1,101.1,0
6723-CEGQI,0,0,0,1,65,1,0,1,0,1,1,0,2,0,0,45.25,2933.95,0
9895-VFOXH,0,0,0,0,1,1,0,0,0,0,0,0,0,0,0,24.4,24.4,0
2091-MJTFX,0,0,1,1,30,1,0,0,0,1,1,1,0,0,1,51.2,1561.5,1
6743-HHQPF,1,0,1,0,42,1,0,0,0,0,0,0,0,1,1,25.1,1097.15,0
3884-UEBXB,0,0,1,1,67,1,1,1,0,0,0,0,2,0,1,36.15,2434.45,0
8741-LQOBK,0,0,1,1,46,1,1,1,0,0,0,0,0,0,1,35.05,1620.25,0
6008-NAIXK,1,1,0,0,54,1,0,1,1,0,1,1,1,1,0,55.45,2966.95,0
7816-VGHTO,0,0,1,1,6,1,0,1,1,1,0,0,2,0,0,40.55,217.5,0
2192-CKRLV,0,0,1,0,72,1,1,1,1,0,0,1,2,1,0,49.2,3580.95,0
6119-SPUDB,1,0,0,0,46,1,1,0,1,1,0,0,2,0,0,38.25,1755.35,0
6522-OIQSX,0,0,1,1,69,1,0,1,1,0,1,1,2,1,1,54.95,3772.5,0
2778-OCLGR,1,1,1,0,24,1,1,0,0,0,0,1,0,0,1,39.1,971.3,1
0373-AIVNJ,1,0,0,0,9,1,1,1,1,0,0,0,1,0,0,39.55,373,0
8727-XDPUD,1,0,0,0,37,1,0,0,0,0,1,0,2,0,1,35.8,1316.9,0
8627-EHGIP,1,0,0,0,44,1,0,1,1,0,1,1,1,1,0,53.95,2375.4,1
9200-NLNPD,1,0,1,0,56,1,0,0,1,1,1,1,1,1,1,54.05,2959.8,0
8350-NYMVI,0,0,0,0,39,1,0,1,1,1,0,0,0,0,1,41.1,1597.05,0
4654-GGUII,0,0,0,0,18,1,1,1,0,1,0,0,1,1,0,40.2,711.95,0
5730-RIITO,0,1,0,0,43,1,1,1,0,0,0,0,0,1,1,33.45,1500.25,0
0056-EPFBG,1,0,1,1,20,1,1,0,1,1,0,0,2,1,1,39.4,825.4,0
8190-ZTQFB,1,0,0,0,41,1,0,0,1,0,1,1,1,1,0,51.35,2075.1,0
1337-BOZWO,1,0,1,1,18,1,0,1,1,0,1,0,1,0,1,46.4,812.4,0
6344-SFJVH,0,0,0,0,20,1,0,0,0,0,0,0,0,0,1,24.9,505.95,0
7321-ZNSLA,1,0,1,1,13,1,1,1,0,1,0,0,2,0,0,40.55,590.35,0
8404-VIOMB,0,0,0,0,66,1,1,1,1,1,1,1,2,1,1,62.5,4136.4,0
5233-GEEAX,1,1,0,0,8,1,0,0,1,0,0,0,0,1,0,29.4,221.9,1
2533-TIBIX,1,0,1,1,15,1,1,0,0,0,0,0,0,1,1,30.2,469.65,0
8993-PHFWD,0,0,0,0,3,1,0,0,0,0,0,0,0,0,0,25.25,58.9,1
2436-QBZFP,0,0,1,1,22,1,0,1,0,0,1,0,0,0,0,39.2,849.9,0
8242-PDSGJ,1,0,1,0,70,1,1,0,1,1,0,0,2,1,1,39.15,2692.75,0
5378-IKEEG,0,0,0,0,1,1,0,0,0,0,1,0,0,1,0,35.75,35.75,1
9842-EFSYY,0,0,0,1,4,1,1,1,1,0,1,1,0,1,0,57.2,223.75,0
3669-LVWZB,1,0,0,0,5,1,0,1,0,0,1,1,0,1,0,51.0,305.95,1
9239-ZBZZV,0,0,0,0,6,1,0,0,1,0,1,1,0,1,0,47.95,305.1,1
2197-OMWGI,0,1,1,1,68,1,0,1,1,0,1,1,2,1,0,53.0,3656.25,0
9795-VOWON,1,0,0,0,7,1,0,0,0,0,0,0,1,1,1,24.35,150.85,0
4430-UZIPO,1,0,0,0,3,1,0,1,0,1,0,0,0,1,0,36.85,108.7,1
8165-CBKXO,1,0,1,1,66,1,0,1,1,0,1,1,2,1,1,56.75,3708.4,0
8008-HAWED,1,0,0,0,14,1,0,0,1,0,1,1,0,1,0,50.75,712.75,1
1862-SKORY,0,1,1,0,40,1,0,1,0,0,1,0,0,1,0,39.3,1637.4,1
0909-SDHNU,0,0,0,1,7,1,1,0,0,0,0,0,0,0,0,29.8,201.95,0
7740-KKCXF,1,0,1,0,51,1,0,1,0,0,0,0,0,1,1,30.05,1529.45,0
5360-XGYAZ,1,0,1,1,72,1,1,1,1,1,1,1,2,1,1,65.65,4664.5,0
0567-XRHCU,0,0,1,1,69,1,1,0,1,0,0,1,2,1,1,43.95,2960.1,0
1261-FWTTE,1,1,0,0,23,1,0,0,0,0,0,1,0,1,1,34.65,768.45,0
3528-HFRIQ,1,1,1,0,71,1,0,1,1,0,1,1,0,1,1,52.3,3765.05,0
2073-QBVBI,0,0,1,0,41,1,0,1,0,1,0,0,1,0,0,35.45,1391.65,0
9758-MFWGD,0,1,1,1,48,1,0,1,0,0,0,0,1,0,1,29.9,1388.75,0
6133-OZILE,0,0,0,0,18,1,0,0,1,1,0,0,0,1,0,35.2,607.3,0
2911-UREFD,0,0,1,0,39,1,1,0,1,0,1,1,0,0,0,55.9,2184.35,1
5673-TIYIB,1,0,0,0,2,1,0,1,1,1,0,0,0,1,1,40.4,77.15,1
7191-ADRGF,1,0,1,0,44,1,0,1,1,0,1,1,2,0,1,54.3,2390.45,0
8050-WYBND,0,0,0,1,22,1,0,0,1,0,1,1,1,1,1,49.45,1031.4,0
7074-STDCN,1,0,0,0,39,1,0,0,0,1,0,1,0,1,0,40.6,1494.5,0
2606-RMDHZ,1,0,0,0,6,1,0,1,0,0,0,0,0,1,1,30.5,208.7,1
5317-FLPJF,0,0,0,0,66,1,1,0,1,1,1,1,2,1,1,61.35,4193.4,0
4625-EWPTF,1,0,0,0,8,1,1,0,0,0,0,0,0,1,0,30.45,226.45,1
1078-TDCRN,0,1,1,0,3,1,0,1,0,0,0,0,0,1,0,30.75,82.85,0
7622-NXQZR,1,0,0,0,28,1,0,0,0,1,0,0,0,1,1,30.1,810.85,0
3472-OAOOR,1,0,1,1,19,1,1,1,0,0,0,0,0,1,0,34.95,610.2,0
0128-MKWSG,0,0,0,1,26,1,1,0,0,1,0,1,0,0,0,45.8,1147,0
0361-HJRDX,0,0,0,0,68,1,1,1,1,1,1,1,2,0,1,64.35,4539.6,0
3776-EKTKM,0,1,0,0,1,1,0,0,0,0,1,0,0,1,0,36.45,36.45,1
4282-ACRXS,1,1,1,0,38,1,0,0,0,0,0,0,0,1,0,24.85,955.75,0
9381-NDKME,0,1,1,0,24,1,0,0,1,0,0,1,0,1,1,40.65,933.3,1
2794-XIMMO,1,0,1,0,53,1,0,1,1,1,1,1,1,1,0,60.45,3184.25,1
3511-BFTJW,1,0,1,1,72,1,1,1,1,0,0,0,2,0,1,38.5,2763,0
3034-ZBEQN,0,0,1,0,48,1,0,1,1,0,0,0,1,0,0,34.7,1604.5,1
5115-GZDEL,1,0,0,1,72,1,1,1,1,1,1,1,2,0,1,67.2,4671.7,0
9591-YVTEB,1,1,0,0,55,1,1,1,0,0,1,0,0,1,0,44.85,2479.05,0
9309-BZGNT,1,1,1,0,69,1,0,0,1,0,0,0,1,1,1,29.8,2134.3,0
3317-HRTNN,0,1,0,0,5,1,0,0,0,0,1,1,0,0,0,45.7,198,1
0774-RMNUW,0,0,1,1,71,1,1,1,0,1,1,1,2,0,1,59.7,4122.65,0
0756-MPZRL,1,0,0,0,46,1,0,0,1,1,0,0,1,0,1,33.7,1537.85,0
8745-PVESG,0,0,0,0,57,1,1,0,1,1,0,0,1,1,1,41.1,2258.25,0
9839-ETQOE,1,0,0,1,43,1,1,1,1,0,0,0,0,1,0,40.45,1912.85,0
2535-PBCGC,0,0,1,0,70,1,1,1,1,1,1,1,2,0,1,64.55,4504.9,0
2894-QOJRX,0,0,1,0,25,1,0,0,0,0,1,0,0,1,1,34.0,853,1
5583-EJXRD,1,0,1,1,44,1,1,1,1,1,0,1,2,1,1,54.05,2375.2,0
2580-ASVVY,0,0,1,0,37,1,1,0,0,1,1,0,2,0,0,45.4,1593.1,0
4254-QPEDE,0,0,1,0,52,1,1,1,1,1,1,1,2,0,1,66.25,3330.1,0
9495-REDIY,1,0,0,1,25,1,1,0,0,0,1,0,1,1,1,40.65,970.55,0
5701-GUXDC,0,0,1,0,26,1,1,0,1,0,0,0,1,0,1,35.4,978.6,0
5143-EGQFK,0,1,0,0,10,1,0,0,0,1,0,0,0,1,0,29.65,291.4,1
6229-UOLQL,1,0,1,1,56,1,1,1,0,1,1,0,1,1,0,52.0,2884.9,0
8676-OOQEJ,1,0,0,0,4,1,0,0,0,1,0,0,0,0,0,30.5,118.4,0
8124-NZVGJ,0,0,0,0,6,1,0,0,0,1,1,1,1,1,0,49.25,255.6,0
2162-FRZAA,1,0,1,1,63,1,0,1,1,1,0,0,2,0,1,39.35,2395.05,0
7932-WPTDS,0,1,1,0,1,1,0,0,0,0,0,0,0,1,0,24.8,24.8,1
8718-PTMEZ,0,0,0,0,13,1,0,1,0,0,0,0,0,1,0,31.05,347.25,1
0804-XBFBV,0,0,0,1,11,1,0,0,0,0,0,0,0,0,0,25.2,321.05,0
7614-QVWQL,1,0,1,1,49,1,0,1,0,0,1,1,1,1,1,51.8,2541.25,1
4987-GQWPO,1,0,0,0,17,1,0,0,0,0,0,0,0,0,1,25.1,382.8,0
4776-XSKYQ,0,0,1,1,12,1,0,0,0,1,0,0,1,0,1,30.25,368.85,0
2137-DQMEV,1,0,1,1,68,1,1,1,0,0,1,0,1,0,0,44.8,2983.65,0
0778-NELLA,1,0,0,0,9,1,0,0,0,0,1,0,0,1,1,34.7,296.1,1
7880-XSOJX,1,0,0,0,4,1,1,1,0,1,0,0,0,0,0,42.4,146.4,0
6339-DKLMK,0,0,0,0,13,1,0,1,0,0,0,0,0,1,0,31.65,389.95,0
5087-SUURX,0,0,1,0,18,1,0,0,1,0,1,0,0,1,0,39.05,669.85,1
2877-VDUER,0,0,1,1,35,1,0,0,0,1,1,0,1,0,0,40.9,1383.6,0
2460-FPSYH,0,1,0,0,40,1,1,1,0,0,1,1,0,1,0,55.8,2109.35,1
6542-LWGXJ,1,0,1,0,3,1,0,0,0,0,0,0,0,0,0,25.0,78.25,0
0601-WZHJF,1,0,1,0,14,1,0,0,0,0,1,1,0,0,0,46.35,667.7,1
4291-HYEBC,0,1,1,1,28,1,0,1,0,0,0,1,1,1,0,39.1,1096.6,0
6345-HOVES,1,0,0,0,34,1,0,0,0,0,0,0,0,1,1,25.05,852.7,0
8318-LCNBW,1,0,1,0,35,1,1,0,1,0,1,1,1,0,1,53.15,1930.9,0
3566-CAAYU,0,0,1,1,64,1,0,1,1,1,0,1,2,0,0,49.85,3210.35,0
3841-CONLJ,0,0,1,0,1,1,0,0,0,0,0,1,0,0,0,35.0,35,0
5057-LCOUI,0,0,0,0,39,1,0,0,1,0,1,1,0,1,0,50.75,2011.4,1
0336-KXKFK,1,0,0,0,72,1,1,0,1,1,1,1,2,1,1,61.2,4390.25,0
8169-SAEJD,1,1,1,0,69,1,1,1,0,0,1,1,2,0,1,56.55,3952.65,0
8882-TLVRW,1,0,1,1,69,1,1,0,1,1,0,0,2,0,0,39.1,2779.5,0
1116-FRYVH,0,0,1,1,48,1,1,1,0,1,0,0,2,0,0,39.4,1978.65,0
4815-GBTCD,0,0,1,0,4,1,0,0,0,0,0,0,0,1,0,25.15,99.95,0
0980-PVMRC,0,0,1,1,40,1,0,1,0,0,1,1,0,1,0,50.85,2036.55,0
8571-ZCMCX,0,0,1,1,47,1,1,1,1,0,1,1,2,1,1,60.0,2768.65,0
8066-POXGX,0,0,0,0,13,1,0,0,0,0,0,1,0,1,0,35.1,446.1,1
6933-VLYFX,1,0,1,1,31,1,1,0,1,1,1,1,1,0,0,59.95,1848.8,0
4976-LNFVV,1,1,1,0,19,1,0,1,1,0,0,0,0,1,1,34.3,577.15,0
2969-QWUBZ,0,0,0,0,2,1,0,1,0,0,1,1,0,0,0,51.4,96.8,0
7136-RVDTZ,1,1,0,0,70,1,0,0,0,0,1,1,1,1,0,45.25,3264.45,1
3538-WZPHD,1,0,0,0,3,1,0,1,0,0,0,0,0,1,0,29.6,79.45,1
4785-QRJHC,1,1,1,0,46,1,0,1,1,1,1,1,1,1,1,59.9,2816.65,1
9693-XMUOB,1,1,1,0,59,1,0,1,0,0,1,1,0,1,0,50.25,2997.45,0
4905-JEFDW,1,0,0,0,11,1,0,0,1,0,1,0,1,1,0,41.6,470.6,1
0117-LFRMW,1,0,1,1,37,1,1,1,1,0,0,0,0,0,1,40.2,1448.8,1
1976-AZZPJ,1,0,1,0,7,1,1,1,0,0,0,0,0,0,0,34.2,256.6,0
4712-AUQZO,1,0,0,0,18,1,1,0,1,0,0,0,0,0,0,33.6,550.35,0
2908-ZTPNF,0,0,0,0,36,1,0,1,0,1,0,0,0,1,1,34.85,1267.2,0
7240-ETPTR,0,0,1,0,9,1,0,0,1,0,1,1,0,1,0,48.75,442.2,1
8756-RDDLT,0,0,0,0,68,1,0,1,0,1,0,1,0,0,0,44.95,3085.35,0
2862-PFNIK,1,0,0,1,1,1,0,0,0,0,0,0,0,1,0,24.7,24.7,0
7395-XWZOY,1,0,0,0,20,1,1,1,1,1,1,0,0,1,1,55.0,1165.55,0
2049-BAFNW,0,0,0,0,1,1,0,0,1,1,0,0,0,0,0,35.9,35.9,0
5167-GBFRE,1,1,0,0,4,1,0,0,0,0,0,0,0,1,1,25.2,102.5,1
6907-CQGPN,1,0,0,0,29,1,0,1,0,1,0,0,0,0,0,34.3,1004.75,0
0212-ISBBF,0,0,0,0,22,1,0,1,0,0,1,1,0,1,0,50.35,1098.85,0
4367-NHWMM,0,0,0,0,1,1,0,0,0,0,0,0,0,1,0,24.9,24.9,0
1360-RCYRT,1,0,1,1,23,1,0,0,0,1,0,0,0,1,1,30.35,678.75,0
2724-FJDYW,1,0,0,1,39,1,0,0,1,1,1,1,1,0,1,54.85,2191.7,0
0020-JDNXP,0,0,1,1,34,1,1,0,1,1,1,1,1,0,0,61.25,1993.2,0
2027-OAQQC,0,0,0,0,43,1,0,0,1,0,1,1,0,1,1,49.05,2076.2,1
0282-NVSJS,0,1,1,1,12,1,0,0,0,1,0,0,0,1,0,29.3,355.9,0
5649-TJHOV,1,1,1,0,27,1,0,0,0,0,0,1,0,0,1,36.5,1032,1
6338-AVWCY,1,0,0,0,3,1,0,0,1,0,1,0,0,1,0,40.15,130.75,1
7325-ENZFI,0,0,0,0,39,1,1,1,0,1,0,0,1,1,1,40.3,1630.4,0
7568-PODML,1,0,0,0,1,1,0,0,0,0,1,1,0,1,0,45.3,45.3,1
1397-XKKWR,1,0,0,0,7,1,1,0,1,0,0,0,1,0,0,35.3,264.8,0
3797-VTIDR,1,0,1,0,1,1,0,0,0,0,0,0,0,1,0,23.45,23.45,1
9526-BIHHD,1,0,0,0,1,1,1,0,0,0,0,0,0,0,0,29.7,29.7,1
8319-QBEHW,1,0,0,1,26,1,0,1,0,0,1,0,1,1,1,39.95,1023.75,0
7110-BDTWG,0,0,1,0,71,1,0,0,1,1,0,1,2,1,0,47.05,3263.6,0
4819-HJPIW,1,0,0,0,18,1,0,0,0,0,0,0,0,0,0,25.15,476.8,0
4132-POCZS,1,0,1,0,52,1,1,0,0,0,0,1,0,1,0,39.9,2020.9,0
3896-RCYYE,0,0,0,0,67,1,0,0,1,1,1,1,0,1,1,53.4,3579.15,0
9638-JIQYA,1,0,0,0,2,1,0,0,0,0,0,0,0,1,1,24.9,49.7,0
5010-IPEAQ,0,0,1,1,67,1,1,1,1,1,1,0,2,0,1,54.2,3623.95,0
3069-SSVSN,0,0,0,0,1,1,0,0,0,0,0,0,1,0,0,25.85,25.85,0
9000-PLFUZ,0,1,1,0,60,1,0,1,0,0,1,1,2,1,1,49.45,2907.55,0
8650-RHRKE,1,0,0,0,4,1,0,0,1,0,0,0,0,1,0,29.65,118.5,1
6981-TDRFT,1,0,1,1,44,1,0,0,1,1,1,1,1,1,0,54.3,2317.1,0
3058-WQDRE,1,0,0,0,13,1,0,0,0,0,0,0,0,1,1,25.15,331.85,0
3417-TSCIC,1,0,0,0,29,1,0,0,0,0,0,0,1,1,0,24.85,788.05,0
6537-OTKMY,1,0,0,0,15,1,0,0,1,0,1,1,1,0,0,50.75,688.2,0
8821-KVZKQ,0,0,1,1,70,1,0,1,1,1,1,1,1,1,1,58.4,4113.15,0
1496-GGSUK,0,1,0,0,1,1,0,0,0,0,0,0,0,1,0,25.7,25.7,1
6434-TTGJP,1,0,1,1,10,1,1,1,1,1,0,1,2,0,1,53.7,521,0
5180-UCIIQ,1,1,1,1,22,1,1,0,0,0,0,1,0,0,0,40.05,880.2,1
6549-BTYPG,0,0,1,0,60,1,0,1,1,1,1,1,2,0,1,60.8,3603.45,0
9074-KGVOX,1,0,1,1,50,1,1,0,0,0,1,0,0,1,1,39.45,2021.35,0
6128-DAFVY,0,0,0,0,56,1,0,0,0,0,1,1,0,1,1,44.85,2564.95,0
3751-KTZEL,0,0,0,0,1,1,0,0,0,0,0,1,0,0,0,35.05,35.05,1
0458-HEUZG,0,0,0,0,13,1,0,0,1,1,0,0,2,0,0,35.4,450.4,0
8409-WQJUX,0,0,0,0,25,1,0,0,1,1,1,1,1,0,0,54.2,1423.15,0
2946-KIQSP,0,0,0,0,35,1,0,0,1,1,0,0,0,1,0,33.45,1175.85,0
2812-ENYMO,1,0,0,0,26,1,1,0,0,1,1,1,1,0,1,54.55,1362.85,0
4023-RTIQM,0,1,1,0,31,1,1,1,1,0,0,1,1,1,1,50.4,1580.1,0
5872-OEQNH,0,0,0,0,60,1,1,0,1,0,0,1,1,1,0,44.45,2773.9,0
8904-OPDCK,1,1,1,0,54,1,0,0,0,0,0,0,0,1,1,24.95,1364.75,0
3249-VHRIP,0,0,0,0,62,1,0,1,1,0,0,1,2,1,1,43.6,2748.7,0
1929-ZCBHE,1,0,1,1,47,1,1,0,1,1,0,0,1,0,0,40.3,1794.8,0
0848-SOMKO,1,0,0,0,70,1,1,0,1,1,0,1,2,0,1,48.4,3442.8,0
7851-FLGGQ,1,0,0,0,1,1,0,1,0,1,0,1,0,1,0,44.65,44.65,1
2335-GSODA,1,0,0,1,23,1,1,0,1,1,0,0,2,0,0,40.1,857.75,0
3999-WRNGR,0,0,1,1,60,1,0,1,0,0,1,1,0,1,0,49.75,3069.45,0
4450-YOOHP,0,0,0,0,39,1,0,0,1,0,1,1,0,1,1,50.65,1905.4,0
8224-UAXBZ,0,0,1,0,58,1,1,1,0,0,1,0,1,1,0,45.35,2540.1,0
9610-WCESF,1,0,0,0,67,1,1,0,0,1,1,0,2,0,0,43.9,3097.2,0
6034-ZRYCV,0,0,1,0,72,1,0,1,1,0,1,1,2,1,0,54.2,3937.45,1
9746-YKGXB,1,0,1,1,52,1,1,0,1,0,0,1,1,0,1,44.25,2276.1,0
0298-XACET,1,0,1,1,52,1,0,1,1,1,1,0,2,0,0,50.2,2554,0
2478-EEWWM,1,0,1,0,59,1,0,0,0,0,1,1,0,1,0,44.3,2666.75,0
2233-TXSIU,1,0,1,1,17,1,1,0,1,0,1,0,1,0,1,44.45,792.15,0
3256-EZDBI,1,1,1,0,51,1,0,1,0,0,0,0,0,1,1,29.45,1459.35,0
6576-FBXOJ,1,0,1,0,17,1,0,0,1,1,1,1,1,0,0,54.6,934.8,0
4310-KEDTB,0,0,0,1,26,1,0,0,1,0,0,0,0,1,0,29.8,786.5,0
9236-NDUCW,0,0,0,0,21,1,1,0,0,1,0,0,2,0,0,35.1,770.4,0
7781-EWARA,1,0,1,1,70,1,0,1,1,1,1,1,1,0,0,60.35,4138.7,0
0616-ATFGB,1,1,1,0,1,1,0,0,0,0,0,0,0,0,0,25.05,25.05,1
6166-YIPFO,1,0,1,0,72,1,1,1,1,1,1,1,2,1,0,64.7,4746.05,0
7016-BPGEU,0,0,0,0,29,1,0,0,0,0,0,0,0,1,1,25.1,712.85,1
7233-IOQNP,0,0,1,0,43,1,1,0,0,1,0,0,0,0,1,34.0,1505.35,0
2834-JKOOW,0,0,0,0,15,1,1,1,1,1,0,0,1,0,0,45.9,693.45,0
0230-UBYPQ,1,1,1,0,63,1,1,0,0,1,0,0,1,0,1,36.1,2298.9,0
3439-GVUSX,1,0,0,0,1,1,0,0,0,0,0,0,0,0,0,24.4,24.4,0
3908-MKIMJ,1,1,1,0,68,1,1,1,1,0,0,0,2,1,0,41.95,2965.75,0
4891-NLUBA,0,0,1,1,61,1,0,1,1,1,1,1,2,1,1,61.45,3751.15,0
9626-WEQRM,0,0,0,0,4,1,1,0,0,0,0,0,0,1,0,29.15,110.05,0
1094-BKOSX,0,0,1,1,45,1,0,1,1,1,0,1,1,0,1,51.0,2264.5,0
4701-AHWMW,1,0,1,0,55,1,0,0,1,1,1,1,0,1,1,54.55,2978.3,1
4592-IWTJI,0,0,1,1,3,1,1,0,0,0,0,0,0,0,1,29.7,91.7,1
7242-QZLXF,1,0,0,1,1,1,0,0,0,0,0,0,0,1,0,25.3,25.3,1
9888-ZCUMM,1,0,1,1,64,1,1,0,1,1,1,1,2,1,1,60.05,3845.45,0
3315-IKYZQ,1,0,1,1,28,1,1,0,1,1,1,0,1,0,0,50.8,1386.8,0
8799-OXZMD,0,0,0,0,28,1,0,0,1,0,0,0,0,1,0,29.75,790.7,0
3704-IEAXF,0,0,1,1,72,1,0,1,0,1,1,1,2,0,1,53.65,3784,0
6810-VCAEX,0,0,0,0,47,1,1,1,0,1,0,0,1,0,1,39.65,1798.65,0
1395-OFUWC,1,0,1,1,43,1,0,1,0,0,0,0,0,0,1,29.3,1224.05,0
1442-BQPVU,0,0,0,0,13,1,0,1,0,0,0,0,0,0,0,29.15,357.15,0
4940-KHCWD,0,0,1,0,60,1,1,1,0,1,0,0,2,0,1,37.7,2288.7,0
9388-ZEYVT,1,0,0,0,43,1,0,0,1,1,0,1,1,0,0,44.15,1931.3,0
0305-SQECB,0,0,0,1,11,1,1,0,0,1,0,0,1,1,0,36.05,402.6,0
8292-FRFZQ,0,0,0,0,39,1,1,1,0,1,0,0,1,0,1,41.15,1700.9,0
7895-VONWT,0,0,0,0,25,1,0,0,1,0,1,1,0,1,0,48.25,1293.8,0
2737-WFVYW,0,0,0,0,2,1,0,0,0,0,1,1,0,1,0,45.25,85.5,1
0749-IRGQE,0,1,1,0,13,1,0,0,0,0,1,1,0,0,0,45.3,528.45,0
5245-VDBUR,0,0,1,0,52,1,1,0,1,0,0,0,1,0,0,35.45,1958.95,0
2144-ESWKO,1,0,0,0,43,1,1,0,1,0,0,0,1,1,1,35.2,1463.7,0
9928-BZVLZ,0,0,0,0,12,1,1,0,1,1,0,1,2,0,0,49.85,552.1,0
5294-CDGWY,1,0,1,1,51,1,1,1,1,0,1,1,1,0,0,59.3,3014.65,1
9572-WUKSB,1,0,1,0,3,1,0,0,0,1,0,0,0,1,0,29.9,92.25,0
0076-LVEPS,1,0,0,1,29,1,1,1,1,1,0,0,0,1,0,45.0,1242.45,0
9867-XOBQA,0,0,0,1,21,1,1,1,1,1,1,0,2,0,0,53.15,1183.2,0
5204-QZXPU,1,0,0,0,19,1,0,0,1,0,1,0,0,1,0,39.65,733.35,1
7758-XKCBS,1,0,0,0,15,1,0,0,0,1,0,0,0,1,0,29.7,438.25,1
8992-JQYUN,1,0,1,0,1,1,0,0,1,0,1,1,0,1,0,50.35,50.35,1
0617-AQNWT,0,0,1,0,64,1,1,0,1,1,0,1,2,0,0,47.85,3147.5,1
3635-JBPSG,0,0,0,0,15,1,0,1,0,0,0,1,2,1,0,38.8,603,0
5480-HPRRX,0,1,0,0,3,1,0,0,0,0,0,0,0,0,0,25.3,77.75,1
7078-NVFAM,0,0,1,1,32,1,1,1,0,0,0,0,0,1,0,35.15,1051.05,0
7384-GHBPI,1,0,1,0,3,1,0,0,0,0,0,1,0,1,0,35.15,99.75,1
7853-OETYL,0,0,1,0,4,1,1,0,0,0,0,0,0,1,0,29.05,129.6,0
5126-RCXYW,1,0,1,1,54,1,0,0,1,1,0,1,2,0,1,46.0,2424.05,0
6211-WHMYA,0,1,0,0,64,1,0,1,0,1,1,0,0,1,0,43.85,2751,0
4459-BBGHE,1,0,0,1,30,1,0,0,0,0,1,1,0,1,0,44.5,1307.8,0
7746-AWNQW,0,0,0,0,28,1,0,0,1,1,0,0,0,1,0,35.75,961.4,0
2314-TNDJQ,0,0,1,1,72,1,1,1,1,1,0,1,2,0,1,55.65,3880.05,0
2405-LBMUW,0,0,1,1,61,1,1,1,0,1,0,1,1,1,1,50.7,3088.75,0
0032-PGELS,0,0,1,1,1,1,1,0,0,0,0,0,0,0,1,30.5,30.5,1
9013-AQORL,0,0,0,1,48,1,0,1,1,0,0,1,0,0,1,45.55,2108.35,0
3648-GZPHF,1,0,1,1,32,1,0,0,1,1,0,0,1,1,0,36.25,1151.05,0
1264-FUHCX,0,0,1,0,49,1,0,1,0,1,1,1,1,1,1,56.3,2780.6,0
6598-KELSS,1,0,0,1,50,1,1,1,0,0,1,0,1,1,1,43.05,2208.05,0
5351-QESIO,1,0,0,1,1,1,0,0,0,0,0,0,0,0,0,24.2,24.2,0
0786-VSSUD,1,1,0,0,16,1,0,1,0,0,1,0,0,1,0,39.0,679.85,1
6447-GORXK,1,0,0,1,31,1,0,0,0,0,0,0,0,0,1,25.0,789.2,0
6967-PEJLL,1,0,1,1,37,1,1,0,1,1,0,0,1,1,0,40.2,1525.35,0
2108-XWMPY,1,0,0,0,3,1,1,1,0,0,0,0,0,1,0,35.45,106.85,1
4501-VCPFK,1,0,0,0,26,1,0,0,1,1,0,0,0,0,0,35.75,1022.5,0
2274-XUATA,1,1,1,0,72,1,1,1,1,1,1,1,2,1,1,63.1,4685.55,0
2235-DWLJU,0,1,0,0,6,1,0,0,0,0,1,1,0,1,0,44.4,263.05,0
7750-EYXWZ,0,0,0,0,12,1,0,1,1,1,1,1,1,0,0,60.65,743.3,0
4801-JZAZL,0,0,1,1,11,1,1,0,0,0,0,0,0,1,0,29.6,346.45,0
