customerID,gender,SeniorCitizen,Partner,Dependents,tenure,PhoneService,MultipleLines,Contract,PaperlessBilling,PaymentMethod,MonthlyCharges,TotalCharges,Churn
7469-LKBCI,1,0,0,0,16,1,0,2,0,1,18.95,326.8,0
8191-XWSZG,0,0,0,0,52,1,0,1,0,0,20.65,1022.95,0
1680-VDCWW,1,0,1,0,12,1,0,1,0,1,19.8,202.25,0
1066-JKSGK,1,0,0,0,1,1,0,0,0,0,20.15,20.15,1
7310-EGVHZ,1,0,0,0,1,1,0,0,0,1,20.2,20.2,0
9867-JCZSP,0,0,1,1,17,1,0,1,0,0,20.75,418.25,0
3957-SQXML,0,0,1,1,34,1,1,2,0,1,24.95,894.3,0
3170-NMYVV,0,0,1,1,50,1,0,2,0,1,20.15,930.9,0
0731-EBJQB,0,0,1,1,52,1,0,1,1,0,20.4,1090.65,0
8028-PNXHQ,1,0,1,1,62,1,1,2,1,1,24.25,1424.6,0
3887-PBQAO,0,0,1,1,45,1,1,1,1,1,25.9,1216.6,0
0318-ZOPWS,0,0,1,0,49,1,0,2,1,1,20.15,973.35,0
1862-QRWPE,0,0,1,1,48,1,0,2,0,1,20.65,1057,0
2796-NNUFI,0,0,1,1,46,1,0,2,1,0,19.95,927.1,0
0278-YXOOG,1,0,0,0,5,1,0,0,0,0,21.05,113.85,1
3212-KXOCR,1,0,0,0,52,1,0,2,0,1,21.0,1107.2,0
6380-ARCEH,1,0,0,0,1,1,0,0,0,0,20.2,20.2,0
3679-XASPY,0,0,1,1,1,1,0,0,0,0,19.45,19.45,0
2848-YXSMW,1,0,1,1,72,1,0,2,0,1,19.4,1363.25,0
8402-OOOHJ,0,0,0,0,41,1,0,2,0,0,20.65,835.15,0
2928-HLDBA,0,0,0,0,6,1,0,0,0,0,20.7,112.75,0
7219-TLZHO,0,0,1,1,4,1,0,0,0,0,20.85,62.9,0
6734-PSBAW,1,0,1,0,72,1,1,2,1,1,23.55,1723.95,0
3930-ZGWVE,1,0,0,0,1,1,0,0,0,0,19.75,19.75,0
7799-LGRDP,0,0,0,0,43,1,1,2,1,1,25.7,1188.2,0
3774-VBNXY,0,0,1,1,64,1,0,2,0,0,20.2,1277.75,0
6217-KDYWC,1,0,0,1,57,1,0,2,1,0,19.6,1170.55,0
1131-QQZEB,1,1,1,0,71,1,1,2,0,1,23.95,1756.2,0
6837-BJYDQ,1,0,0,0,3,1,0,1,0,0,19.6,61.35,0
3077-RSNTJ,0,0,1,1,6,1,0,0,0,0,19.7,113.5,0
2749-CTKAJ,1,0,1,1,22,1,0,1,0,0,20.15,419.9,0
7554-NEWDD,1,0,0,0,10,1,1,2,0,1,25.7,251.6,0
2907-ILJBN,0,0,1,1,11,1,0,1,0,0,20.6,233.9,0
6345-FZOQH,1,0,1,0,69,1,0,2,0,0,19.9,1363.45,0
1159-WFSGR,0,0,1,1,16,1,0,0,0,0,20.4,321.4,0
5918-VUKWP,0,0,0,0,32,1,0,1,0,1,20.55,654.55,0
1744-JHKYS,0,0,1,0,34,1,1,0,0,0,24.7,780.2,0
3712-PKXZA,1,0,1,0,61,1,0,1,1,1,20.55,1252,0
0956-SYCWG,0,0,0,0,13,1,0,1,0,0,19.65,244.8,0
2984-RGEYA,0,0,1,1,69,1,0,2,0,1,19.75,1375.4,0
2146-EGVDT,1,0,1,1,59,1,0,2,0,1,19.3,1192.7,0
9178-JHUVJ,1,0,1,1,24,1,1,2,1,1,24.1,587.4,0
3645-DEYGF,1,0,0,1,1,1,0,0,0,0,20.75,20.75,0
7157-SMCFK,1,0,0,1,61,1,0,2,0,0,19.75,1124.2,0
4709-LKHYG,0,0,1,1,29,1,0,1,0,0,20.0,540.05,0
4443-EMBNA,0,0,1,0,71,1,1,2,0,1,24.75,1836.9,0
6469-MRVET,1,0,1,1,1,1,0,1,1,0,20.2,20.2,0
5961-VUSRV,0,0,0,0,12,1,0,1,1,1,19.35,219.35,0
7083-MIOPC,0,0,0,0,72,1,0,2,0,1,20.25,1566.9,0
1984-GPTEH,0,0,0,0,29,1,1,0,0,0,25.15,702,0
9227-UAQFT,1,0,0,0,16,1,0,2,0,0,19.75,284.35,0
3675-YDUPJ,1,0,0,0,10,1,0,0,1,0,19.85,193.05,0
6292-TOSSS,1,0,0,0,50,1,1,2,0,1,24.9,1195.25,0
6323-AYBRX,1,0,0,0,59,1,0,2,0,0,19.35,1099.6,1
7014-ZZXAW,0,0,1,0,71,1,1,2,1,1,24.25,1732.95,0
2080-SRCDE,0,0,0,1,1,1,1,0,0,0,25.4,25.4,0
1563-IWQEX,0,0,0,0,12,1,0,0,0,0,19.7,220.35,0
8203-XJZRC,1,0,0,0,1,1,0,0,0,0,20.25,20.25,0
1248-DYXUB,1,0,1,1,52,1,1,2,0,0,24.8,1229.1,0
1098-TDVUQ,0,0,0,0,1,1,0,0,1,1,19.25,19.25,0
3973-SKMLN,1,0,0,0,71,1,0,2,1,1,19.9,1355.1,0
9385-EHGDO,0,0,1,1,35,1,0,2,1,0,19.85,739.35,0
9498-FIMXL,0,0,0,0,8,1,0,1,1,0,19.2,161.95,0
9639-BUJXT,1,0,0,0,63,1,0,1,0,0,20.5,1328.15,0
5924-SNGKP,0,0,0,1,41,1,0,1,1,1,20.25,865,0
8966-SNIZF,0,0,1,0,70,1,0,2,0,1,19.45,1303.5,0
9294-TDIPC,1,0,0,1,5,1,0,0,0,0,20.2,83.75,0
5176-LMJXE,0,0,0,0,47,1,0,2,1,0,20.55,945.7,0
7302-ZHMHP,0,0,0,0,1,1,0,0,0,0,19.15,19.15,0
6563-VRERX,1,0,1,1,33,1,0,1,0,0,20.6,690.25,0
4895-TMWIR,1,1,1,0,11,1,0,0,0,0,19.95,214.75,1
9967-ATRFS,0,0,0,0,19,1,0,0,0,0,19.9,367.55,0
5876-QMYLD,0,0,1,1,23,1,0,1,0,0,20.05,415.1,0
2277-AXSDC,0,0,0,0,32,1,0,1,0,1,19.75,624.15,0
9442-JTWDL,0,0,0,0,11,1,0,1,0,1,20.05,237.7,0
5495-GPSRW,1,0,0,0,20,1,0,2,1,0,19.7,419.4,0
7606-BPHHN,1,0,0,0,72,1,0,2,1,1,19.8,1468.75,0
4800-VHZKI,0,0,0,0,1,1,0,0,1,0,19.9,19.9,1
7989-CHGTL,1,0,0,0,1,1,0,0,1,0,19.6,19.6,1
4163-NCJAK,0,0,1,0,46,1,1,1,1,1,24.45,1066.15,0
5249-QYHEX,0,0,1,1,40,1,1,2,1,0,24.8,1024.7,0
2233-FAGXV,0,0,1,1,5,1,1,0,1,0,24.3,132.25,0
3935-TBRZZ,1,0,1,1,44,1,1,1,0,0,25.7,1110.5,0
9063-ZGTUY,0,0,1,1,61,1,0,0,1,0,19.4,1182.55,1
6048-NJXHX,1,0,1,0,41,1,0,2,1,0,19.75,899.45,0
4980-URKXC,1,0,1,0,36,1,0,1,0,1,20.85,720.05,0
0732-OCQOC,0,0,1,1,52,1,1,2,1,1,25.05,1270.25,0
8592-PLTMQ,0,0,0,0,64,1,1,1,0,0,24.7,1642.75,0
4785-FCIFB,0,0,1,0,61,1,1,2,0,0,24.4,1417.9,0
4237-CLSMM,1,0,1,0,2,1,0,0,0,0,20.0,38,0
4719-UMSIY,1,0,0,1,6,1,0,0,0,0,19.65,100.9,0
8896-RAZCR,0,0,0,1,44,1,0,2,0,0,19.9,868.1,0
4933-IKULF,0,1,0,0,17,1,0,1,0,0,20.65,330.6,0
0486-LGCCH,1,0,1,1,11,1,0,2,0,0,19.65,225.75,0
6579-JPICP,1,0,0,0,1,1,0,0,0,0,20.4,20.4,0
0505-SPOOW,0,0,1,0,70,1,0,2,0,1,19.8,1397.65,0
1135-LMECX,0,0,0,0,1,1,0,0,0,0,19.85,19.85,0
7531-GQHME,1,0,0,0,12,1,0,0,0,1,20.05,265.45,0
7601-GNDYK,1,0,1,1,35,1,0,2,0,0,19.6,686.95,0
8067-NIOYM,0,0,1,1,24,1,0,2,1,1,21.1,490.65,0
1403-GYAFU,1,0,1,1,70,1,0,2,0,1,20.05,1360.25,0
2866-IKBTM,0,0,0,0,1,1,0,0,0,0,19.55,19.55,0
8138-EALND,1,0,0,0,15,1,0,0,0,0,19.75,311.6,0
2075-PUEPR,1,0,1,1,55,1,0,2,0,1,19.35,1153.25,0
1982-FEBTD,0,0,1,1,23,1,1,2,1,1,25.6,514.75,0
2654-VBVPB,0,0,0,0,1,1,0,0,0,1,19.9,19.9,0
7343-EOBEU,1,0,1,0,3,1,1,0,1,0,23.6,89.05,0
7293-LSCDV,0,0,1,1,60,1,0,2,1,1,19.25,1103.25,0
2640-LYMOV,1,0,0,0,2,1,0,0,1,0,19.65,38.8,0
1218-VKFPE,0,0,1,1,12,1,0,0,0,0,19.0,233.55,1
1423-BMPBQ,0,0,1,1,1,1,0,0,1,0,19.0,19,0
2393-DIVAI,0,0,0,0,3,1,0,0,1,0,20.0,61.7,0
8752-IMQOS,1,0,1,1,5,1,0,1,0,0,20.1,85.1,0
5512-IDZEI,1,0,1,1,46,1,1,1,0,0,24.9,1174.8,0
0374-FIUCA,1,0,1,0,65,1,0,2,1,1,20.4,1414.45,0
5173-ZXXXL,1,0,0,0,2,1,0,1,0,0,19.95,47.7,0
2804-ETQDK,1,0,0,1,66,1,0,2,0,0,20.55,1357.1,0
5148-HKFIR,0,0,0,0,20,1,0,2,0,0,19.7,406.95,0
1009-IRMNA,0,0,0,0,7,1,0,0,0,1,20.0,137.6,1
7665-VIGUD,1,0,0,0,10,1,0,1,0,0,20.35,176.3,0
9574-BOSMD,1,0,1,1,68,1,1,2,0,1,25.4,1620.2,0
8404-VLQFB,0,0,1,1,15,1,1,0,1,0,25.25,394.85,0
5845-BZZIB,1,0,1,1,35,1,0,2,0,0,20.1,655.3,0
1140-UKVZG,0,0,0,0,17,1,1,0,0,0,24.8,475.25,0
4160-AMJTL,0,1,0,0,8,1,0,0,0,0,19.65,164.3,1
4464-JCOLN,1,0,1,1,2,1,0,1,0,0,19.85,35.9,1
2085-JVGAD,1,0,1,0,37,1,0,0,0,1,20.35,697.65,0
3030-ZKIWL,1,0,0,0,1,1,0,0,0,0,20.05,20.05,0
8755-OGKNA,0,0,1,1,57,1,0,2,0,1,19.5,1167.6,0
5642-MHDQT,0,0,1,1,53,1,0,1,1,1,19.85,1039.45,0
3088-FVYWK,1,0,1,1,53,1,1,2,0,1,25.55,1336.1,0
9092-GDZKO,1,0,0,0,22,1,1,0,1,1,24.85,493.4,0
2324-AALNO,0,0,0,0,48,1,1,1,0,1,24.55,1203.95,0
5313-FPXWG,1,0,0,0,51,1,1,1,1,1,24.6,1266.4,0
8262-COGGB,1,0,0,0,1,1,0,0,1,0,20.45,20.45,0
9620-QJREV,1,0,0,1,47,1,0,1,0,1,20.55,1013.05,0
2682-KEVRP,0,1,0,0,22,1,0,1,1,0,20.05,417,0
2480-JZOSN,0,0,1,0,1,1,0,0,1,0,20.65,20.65,0
6942-LBFDP,0,0,0,0,2,1,0,0,1,0,20.55,33.6,0
1029-QFBEN,1,0,0,0,1,1,0,0,0,0,19.55,19.55,1
9661-JALZV,0,0,0,0,58,1,1,2,1,1,24.7,1519,0
4312-KFRXN,1,0,1,0,72,1,1,2,0,0,25.4,1710.9,0
4697-LUPSU,1,0,1,1,2,1,0,1,0,0,20.2,34.75,0
8434-VGEQQ,1,0,1,1,61,1,0,2,0,1,20.55,1305.95,0
6549-YMFAW,1,1,1,0,9,1,0,0,1,0,21.25,204.55,0
4950-HKQTE,0,0,0,0,22,1,1,2,0,0,26.25,605.9,0
6621-YOBKI,1,0,0,0,5,1,0,0,0,0,20.35,92.75,0
4018-PPNDW,0,0,1,1,61,1,1,2,1,0,24.1,1551.6,0
6425-JWTDV,1,0,1,0,48,1,0,2,0,0,19.25,855.1,0
3115-CZMZD,1,0,0,1,0,1,0,2,0,0,20.25, ,0
5730-DBDSI,1,0,0,0,66,1,0,2,0,1,19.7,1253.8,0
0030-FNXPP,0,0,0,0,3,1,0,0,0,0,19.85,57.2,0
4013-GUXND,1,0,0,0,1,1,0,0,0,0,20.8,20.8,0
7969-FFOWG,1,0,1,1,65,1,0,2,0,0,19.9,1292.6,0
7817-OMJNA,1,0,0,0,14,1,0,1,0,1,20.4,275.7,0
7706-DZNKK,1,0,0,0,11,1,0,0,1,1,20.45,237.3,0
3900-AQPHZ,0,0,0,0,1,1,0,0,0,0,19.9,19.9,1
5726-CVNYA,0,0,1,1,8,1,0,2,1,0,19.85,146.6,0
6286-ZHAOK,0,0,1,1,20,1,1,0,1,1,25.55,507.4,0
3807-XHCJH,0,0,1,1,1,1,0,0,0,0,20.0,20,0
8859-AXJZP,1,0,1,1,39,1,1,2,1,0,23.8,903.8,0
8098-TDCBU,0,0,1,0,42,1,1,2,0,0,25.25,1108.2,0
4785-NKHCX,1,1,0,0,5,1,0,0,0,1,20.05,94.15,0
4335-BSMJS,0,0,0,0,62,1,1,2,1,1,25.8,1563.95,0
9146-JRIOX,0,0,1,1,14,1,1,0,0,0,25.55,372.45,0
9650-VBUOG,1,0,1,1,38,1,1,2,0,1,25.05,963.95,0
4625-LAMOB,1,0,0,0,44,1,0,2,0,1,20.4,905.55,0
1038-ZAGBI,0,0,1,1,12,1,0,1,0,1,19.8,229.6,1
0422-OHQHQ,0,0,1,1,15,1,0,1,0,0,20.55,295.95,0
8713-IGZSO,1,0,0,0,2,1,1,0,0,0,24.85,62,0
7695-PKLCZ,0,0,0,0,68,1,0,2,0,1,20.5,1424.9,0
4795-UXVCJ,1,0,0,0,26,1,0,1,0,1,19.8,457.3,0
2732-ISEZX,0,0,0,0,5,1,0,0,1,0,20.5,104.3,0
0323-XWWTN,1,0,0,1,3,1,1,2,1,0,26.4,121.25,0
1764-VUUMT,1,0,0,1,66,1,0,2,0,1,19.95,1269.1,0
3523-BRGUW,1,1,0,0,26,1,0,1,0,1,19.3,504.2,0
4661-NJEUX,1,0,0,0,1,1,0,0,1,0,20.05,20.05,0
1051-GEJLJ,0,0,0,0,2,1,0,0,0,0,19.5,27.55,0
4694-PHWFW,0,0,0,1,8,1,0,0,0,0,19.95,170.9,0
5993-BQHEA,1,0,0,0,12,1,0,1,0,1,20.05,267,0
6024-RUGGH,1,0,1,1,72,1,1,2,1,1,25.2,1798.9,0
7471-WNSUF,1,0,1,0,60,1,1,1,0,1,24.15,1505.9,0
8942-DBMHZ,1,0,0,0,12,1,0,0,0,0,20.45,255.35,0
5787-KXGIY,1,0,1,0,72,1,0,2,0,1,19.3,1304.8,0
0347-UBKUZ,0,0,0,0,15,1,0,0,0,0,19.9,320.45,0
0835-DUUIQ,0,0,0,1,24,1,0,1,0,1,21.05,531.55,0
6231-WFGFH,1,0,1,1,4,1,0,0,1,0,20.5,77.6,0
6169-PPETC,1,0,1,1,35,1,0,2,0,1,20.5,759.35,0
3261-CQXOL,0,0,1,1,71,1,1,2,0,1,25.45,1813.35,0
4378-BZYFP,1,0,0,0,17,1,0,1,1,0,20.5,365.8,0
4541-RMRLG,1,0,0,0,7,1,0,0,0,0,19.25,112.3,1
7764-BDPEE,1,0,0,1,3,1,0,0,0,0,20.85,60.65,0
3318-ISQFQ,0,0,0,0,20,1,0,0,1,1,19.5,413,0
1106-HRLKZ,1,0,1,1,40,1,0,2,0,0,19.6,808.95,0
8165-ZJRNM,0,0,1,1,72,1,1,2,0,1,23.75,1679.25,0
3717-OFRTN,1,0,0,0,1,1,0,0,0,1,19.75,19.75,0
9046-JBFWA,1,0,0,1,27,1,0,0,0,0,19.15,537.35,0
3280-NMUVX,1,0,1,1,34,1,0,1,0,1,19.6,678.8,0
8361-LBRDI,0,0,0,0,58,1,1,2,0,1,24.35,1423.85,0
4883-KCPZJ,0,0,1,1,22,1,1,2,0,1,25.25,555.4,0
9108-EQPNQ,0,0,1,1,10,1,1,2,0,1,26.1,225.55,0
7277-KAMWT,1,0,0,0,13,1,0,2,0,1,20.0,268.45,0
2545-LXYVJ,1,0,1,0,72,1,0,2,0,1,20.7,1492.1,0
8917-FAEMR,0,0,0,0,37,1,0,2,0,0,19.85,784.25,0
7047-YXDMZ,1,0,0,0,21,1,0,0,0,0,20.0,417.7,0
6419-ZTTLE,1,1,1,0,23,1,0,1,1,0,20.75,485.2,0
9361-YNQWJ,0,0,0,0,64,1,1,1,1,1,24.4,1601.2,0
9391-TTOYH,0,0,0,0,23,1,0,0,1,0,19.5,470.2,0
2632-TACXW,0,0,1,0,62,1,1,2,0,1,23.65,1416.75,0
1767-CJKBA,1,0,0,0,66,1,1,2,0,0,25.1,1697.7,0
1915-OAKWD,0,0,0,1,16,1,0,1,1,1,19.3,360.35,0
2829-HYVZP,1,0,0,0,29,1,0,1,1,0,19.8,572.2,0
8329-IBCTI,0,0,0,0,1,1,0,0,0,0,19.65,19.65,1
3486-NPGST,0,0,0,0,36,1,0,1,0,0,19.55,620.75,0
6100-FJZDG,1,0,1,1,26,1,0,1,1,1,20.05,505.9,0
9646-NMHXE,1,0,1,0,47,1,0,2,0,0,19.65,973.1,0
2111-DWYHN,1,0,0,0,1,1,0,0,0,0,21.1,21.1,0
4121-AGSIN,0,0,1,1,58,1,1,1,1,1,24.5,1497.9,0
0301-KOBTQ,1,0,0,0,32,1,0,2,1,1,20.05,614.45,0
4367-NUYAO,1,0,1,1,0,1,1,2,0,0,25.75, ,0
9170-ARBTB,0,0,1,1,52,1,0,1,0,1,19.6,1012.4,0
9578-FOMUK,1,0,0,1,15,1,1,0,1,0,24.8,324.15,0
4712-UYOOI,0,0,1,1,20,1,0,0,0,0,20.0,417.65,0
8717-VCTXJ,1,0,0,0,42,1,0,1,1,0,19.55,839.4,0
0971-QIFJK,0,0,1,0,69,1,1,2,0,1,24.25,1641.8,0
9397-TZSHA,0,0,0,0,69,1,1,2,0,1,24.6,1678.05,0
8461-EFQYM,0,0,0,0,38,1,1,1,1,0,24.25,914.4,0
0098-BOWSO,1,0,0,0,27,1,0,0,1,0,19.4,529.8,0
5859-HZYLF,1,0,1,1,26,1,0,2,1,1,19.15,515.75,0
3156-QLHBO,1,0,0,1,2,1,0,0,0,0,19.25,48.35,0
6621-NRZAK,0,0,1,1,63,1,0,2,0,1,20.0,1209.25,0
0831-JNISG,1,0,1,1,71,1,0,2,0,0,19.8,1396.25,0
3082-WQRVY,1,1,1,0,14,1,0,1,0,0,19.65,228.65,0
1641-BYBTK,1,0,0,1,6,1,0,0,1,0,20.2,98.35,0
8992-CEUEN,0,0,0,0,1,1,0,0,0,0,18.85,18.85,0
8292-ITGYJ,0,0,1,1,45,1,1,2,1,1,24.65,1138.8,0
0621-CXBKL,0,0,0,0,53,1,0,2,0,0,18.7,1005.7,0
6479-OAUSD,1,0,0,0,25,1,0,1,0,1,19.9,510.8,0
5562-BETPV,1,0,1,1,1,1,0,1,0,0,19.65,19.65,0
0107-WESLM,1,0,0,0,1,1,0,0,1,0,19.85,19.85,1
8944-AILEF,1,0,1,0,15,1,0,0,1,1,19.45,340.85,0
5542-NKVRU,0,0,0,0,42,1,0,2,1,1,20.75,844.45,0
9087-EYCPR,0,0,0,0,60,1,1,2,0,0,25.0,1505.05,0
6980-IMXXE,0,0,1,1,69,1,0,2,0,1,20.2,1412.65,0
0040-HALCW,1,0,1,1,54,1,0,2,0,1,20.4,1090.6,0
0784-GTUUK,1,0,1,0,62,1,1,1,1,1,23.75,1446.8,0
7115-IRDHS,0,0,1,0,72,1,1,2,0,1,24.65,1830.05,0
1299-AURJA,0,0,1,1,70,1,1,2,0,1,24.7,1685.9,0
2788-CJQAQ,1,0,0,0,13,1,0,1,0,0,19.45,270.2,0
2120-SMPEX,1,0,0,0,25,1,0,0,1,0,20.15,536.35,0
2223-KAGMX,0,0,0,0,15,1,0,0,0,1,19.4,289.3,1
7617-EYGLW,1,0,0,0,1,1,0,0,0,0,19.45,19.45,0
5529-GIBVH,0,0,0,0,47,1,0,2,0,0,20.15,1046.2,0
8780-IHCRN,1,0,1,1,63,1,1,2,0,1,24.65,1574.5,0
1257-SXUXQ,1,0,1,1,5,1,0,0,0,0,19.45,86.05,0
4821-WQOYN,0,0,1,1,72,1,0,2,1,1,20.1,1326.25,0
3452-FLHYD,1,0,1,0,25,1,0,1,1,1,20.95,495.15,0
9531-NSBMR,0,0,0,0,36,1,0,1,1,1,19.25,679.8,0
8711-LOBKY,1,0,1,1,59,1,0,2,0,0,19.85,1188.25,0
2616-FLVQC,1,0,0,0,64,1,0,2,0,0,19.55,1240.15,0
0042-RLHYP,0,0,1,1,69,1,0,2,0,1,19.7,1396.9,0
5158-RIVOP,0,0,1,1,11,1,0,2,0,1,20.9,202.3,0
9788-YTFGE,1,0,0,0,7,1,0,0,1,0,19.95,147.5,0
9277-JOOMO,0,0,0,0,3,1,1,0,0,0,24.6,86.35,0
1725-MIMXW,1,0,0,1,1,1,0,0,1,0,19.45,19.45,1
0114-RSRRW,0,0,1,0,10,1,0,0,1,1,19.95,187.75,0
4565-NLZBV,0,0,1,0,71,1,1,2,1,1,24.65,1710.15,0
0031-PVLZI,0,0,1,1,4,1,0,0,0,0,20.35,76.35,1
3910-MRQOY,0,0,1,0,72,1,0,2,0,1,19.4,1496.45,0
4656-CAURT,1,0,0,0,69,1,1,2,0,1,23.95,1713.1,0
6265-FRMTQ,1,0,0,0,31,1,0,2,0,1,20.4,609.1,0
1934-SJVJK,1,0,0,0,1,1,0,0,0,0,20.15,20.15,1
2017-CCBLH,0,0,0,0,8,1,0,2,0,0,20.0,141.6,0
0536-BGFMZ,0,0,1,0,28,1,0,0,0,0,20.5,563.05,0
5469-NUJUR,1,0,0,0,19,1,0,2,1,0,19.95,373.5,0
7266-GSSJX,1,0,1,1,11,1,0,0,1,0,20.45,250.8,0
7073-QETQY,1,0,1,1,66,1,0,1,1,0,20.35,1359.5,0
5624-RYAMH,0,0,0,0,9,1,0,0,1,0,19.5,178.85,0
7596-IIWYC,0,0,0,0,27,1,0,2,1,1,20.25,538.2,0
4291-HPAXL,1,0,0,1,1,1,0,0,0,0,19.85,19.85,0
1839-FBNFR,0,0,1,1,39,1,0,2,1,1,19.85,854.8,0
4538-WNTMJ,0,0,1,1,46,1,1,1,0,0,24.95,1165.9,0
7684-XSZIY,1,0,1,1,72,1,1,2,0,1,24.3,1643.25,0
1934-MKPXS,1,0,1,1,33,1,0,1,0,1,20.1,620.55,0
2592-YKDIF,0,0,0,0,1,1,0,0,0,0,20.35,20.35,0
3131-NWVFJ,0,0,1,1,14,1,0,1,0,0,19.55,294.5,0
7521-YXVZY,1,0,0,1,3,1,0,0,0,0,19.95,58.3,0
1970-KKFWL,0,0,0,0,35,1,1,2,0,1,23.3,797.1,0
9337-SRRNI,1,0,0,1,66,1,1,2,1,1,25.3,1673.8,0
3498-LZGQZ,1,0,1,1,63,1,0,2,1,0,19.15,1177.05,0
7560-QRBXH,0,0,0,1,48,1,0,1,0,0,19.95,936.7,0
4652-ODEVH,1,0,1,1,45,1,1,2,0,0,24.45,1088.25,0
6510-UPNKS,0,0,0,0,23,1,1,1,0,1,24.8,615.35,0
9046-DQMTP,1,0,0,0,35,1,0,0,0,1,20.75,739.9,0
7677-SJJJK,1,0,1,1,8,1,0,1,0,1,19.9,153.95,0
2958-NHPPS,1,0,0,0,23,1,0,0,0,0,20.85,473.9,0
6806-YDEUL,0,1,0,0,6,1,0,0,0,1,19.5,106.8,0
1735-XMJVH,1,0,1,1,8,1,0,0,1,0,19.35,152.6,0
8681-ICONS,1,0,1,1,29,1,0,0,1,0,20.65,654.85,0
7893-IXHRQ,1,0,0,0,1,1,0,0,0,0,20.55,20.55,1
9824-QCJPK,1,0,1,0,36,1,0,1,0,0,20.0,666.75,0
6979-TNDEU,0,0,0,0,8,1,0,0,0,0,19.2,156.85,0
5067-DGXLL,1,0,0,0,2,1,0,0,0,0,20.25,36.8,0
8605-ITULD,0,0,0,0,1,1,0,0,0,0,19.55,19.55,0
2667-WYLWJ,0,0,1,1,8,1,0,1,1,0,19.75,145,1
3195-TQDZX,1,0,0,0,3,1,0,0,1,0,20.25,61.45,0
5014-GSOUQ,1,0,0,0,13,1,0,2,0,0,19.95,243.65,0
7427-AUFPY,1,0,0,0,54,1,0,2,0,1,19.65,1008.7,0
9972-EWRJS,0,0,1,1,67,1,0,2,1,1,19.25,1372.9,0
5799-JRCZO,0,0,0,1,63,1,0,2,0,1,19.5,1215.1,0
1925-GMVBW,0,0,0,0,5,1,0,0,0,1,20.55,96.1,0
6184-DYUOB,0,0,1,0,3,1,0,0,1,0,19.6,55.25,0
3012-VFFMN,0,0,1,1,7,1,0,0,0,0,20.65,158.95,0
0640-YJTPY,1,0,1,1,72,1,0,2,0,1,21.0,1493.75,0
9764-REAFF,0,0,1,0,59,1,0,2,0,1,18.4,1057.85,0
7107-UBYKY,0,0,1,1,35,1,1,0,1,0,25.75,882.55,0
4881-GQJTW,1,0,0,0,14,1,0,0,0,1,19.6,300.4,0
7876-DNYAP,0,0,1,1,69,1,0,2,0,1,19.8,1436.95,0
2429-AYKKO,1,0,0,0,72,1,0,2,0,1,19.85,1434.1,0
9798-OPFEM,0,0,0,0,46,1,0,2,1,0,21.1,937.1,0
7114-AEOZE,0,0,0,0,60,1,0,2,0,1,19.85,1128.1,0
6518-KZXCB,1,0,0,0,22,1,1,2,0,0,25.25,566.5,0
9313-QOLTZ,1,0,0,0,26,1,0,0,0,0,20.9,518.3,0
9818-XQCUV,0,0,0,0,2,1,0,0,0,0,20.35,45.3,0
3070-FNFZQ,0,0,1,1,23,1,0,2,0,1,20.4,478.75,0
2812-SFXMJ,1,0,0,1,1,1,0,0,0,0,20.05,20.05,0
5312-TSZVC,0,0,0,1,15,1,0,1,0,0,19.65,270.6,0
5939-SXWHM,1,0,1,1,48,1,1,2,0,1,26.3,1245.05,0
7643-RCHXS,0,0,1,1,63,1,0,2,0,0,19.35,1263.85,0
8246-SHFGA,1,0,0,0,17,1,0,0,0,1,21.1,385.55,0
0620-XEFWH,1,0,1,1,4,1,0,0,0,0,18.85,84.2,0
6485-QXWWE,0,0,0,1,62,1,1,2,0,1,26.0,1638.7,0
7552-KEYGT,1,0,1,0,27,1,0,2,0,1,19.55,520.55,0
7941-RCJOW,1,0,0,0,65,1,0,2,1,1,19.55,1218.65,0
2387-KDZQY,1,0,0,0,17,1,0,1,1,0,20.1,279.5,0
3374-PZLXD,1,0,0,0,34,1,0,0,0,0,19.7,675.6,0
2812-REYAT,0,0,1,0,49,1,0,1,1,1,20.05,923.1,0
6518-PPLMZ,1,0,1,1,53,1,0,2,1,0,19.4,1110.35,0
1371-OJCEK,0,0,0,0,48,1,1,1,0,1,24.35,1133.7,0
2351-RRBUE,0,0,1,1,7,1,0,1,0,0,20.65,134.05,0
1498-DQNRX,0,0,1,0,29,1,0,0,0,0,19.85,573.05,0
6625-FLENO,1,0,1,0,58,1,0,2,0,0,20.75,1185.95,0
2967-MXRAV,1,0,1,1,1,1,0,1,0,0,18.8,18.8,0
4163-KIUHY,1,0,0,0,35,1,1,0,1,0,25.6,901.25,0
1171-TYKUR,1,0,1,0,47,1,1,0,0,0,25.4,1139.2,0
8388-DMKAE,0,0,0,0,8,1,0,2,0,0,20.25,174.65,0
4403-BWPAY,1,0,0,0,14,1,1,1,1,1,24.8,321.7,0
2808-CHTDM,0,0,1,1,23,1,1,2,0,0,25.1,611.45,0
3283-WCWXT,1,0,1,1,6,1,1,2,0,0,25.4,153.3,0
5451-MHQOF,1,0,1,1,56,1,1,1,1,0,24.45,1431.65,0
4836-WNFNO,0,0,1,0,72,1,1,2,0,1,25.0,1849.2,0
0354-VXMJC,1,0,1,1,23,1,0,2,0,1,19.6,426.65,0
8332-OSJDW,1,0,1,1,12,1,1,1,0,0,26.4,314.95,0
4735-BJKOU,0,0,0,0,40,1,0,2,0,0,20.15,804.85,0
8917-SZTTJ,1,0,1,1,60,1,0,2,0,1,19.65,1161.75,0
6223-DHJGV,0,0,0,0,42,1,0,1,1,0,20.65,958.1,0
6961-MJKBO,1,0,0,0,47,1,0,2,0,1,20.45,943,0
9964-WBQDJ,0,0,1,0,71,1,1,2,1,1,24.4,1725.4,0
0386-CWRGM,0,0,1,1,46,1,0,2,0,0,19.4,967.85,0
0404-AHASP,1,0,1,0,72,1,0,2,0,1,19.7,1421.9,0
7279-NMVJC,0,0,0,0,17,1,0,1,0,1,19.9,323.15,0
2587-YNLES,0,0,1,1,6,1,0,2,0,0,20.1,100.35,0
1015-OWJKI,1,0,0,0,1,1,0,0,0,0,19.05,19.05,0
7551-JOHTI,0,0,0,0,1,1,0,0,0,0,19.5,19.5,1
1222-KJNZD,1,0,1,1,40,1,0,0,1,1,20.4,745.3,0
3768-VHXQO,1,0,1,0,67,1,1,2,0,1,24.85,1583.5,0
2418-TPEUN,0,0,1,1,56,1,0,2,1,1,19.8,1119.9,0
8540-ZQGEA,0,0,1,0,54,1,0,2,0,1,20.05,1102.4,0
5848-FHRFC,0,0,0,0,68,1,0,2,0,1,20.05,1386.9,0
2243-FNMMI,1,0,0,0,20,1,0,0,0,0,19.4,415.4,0
5356-KZCKT,1,0,0,0,58,1,1,2,1,1,24.45,1513.6,0
8763-KIAFH,0,0,1,1,27,1,0,1,1,0,20.55,583.3,0
2007-QVGAW,0,0,1,1,68,1,0,2,1,1,19.35,1292.65,0
5605-XNWEN,1,1,1,0,72,1,1,2,1,1,25.0,1802.55,0
6181-AXXYF,1,0,1,1,72,1,1,2,0,1,24.75,1859.1,0
0516-VRYBW,0,0,0,1,18,1,0,1,0,1,20.15,390.85,1
5687-DKDTV,0,0,0,0,4,1,0,0,0,0,20.35,77.5,1
7416-CKTEP,0,0,1,0,57,1,0,2,1,1,19.6,1134.25,0
4193-IBKSW,1,0,1,1,72,1,1,2,0,1,24.75,1769.6,0
0839-QNXME,0,0,0,0,30,1,0,2,0,1,19.4,578.5,0
3506-OVLKD,1,0,0,0,35,1,1,1,0,1,26.2,954.9,0
6016-LVTJQ,0,0,1,1,34,1,0,0,0,0,20.65,716.4,0
8966-KZXXA,1,0,1,1,36,1,1,2,0,1,25.1,930.95,0
5442-PPTJY,1,0,1,1,12,1,0,2,0,0,19.7,258.35,0
1927-QEWMY,0,0,1,0,72,1,0,2,0,1,20.5,1502.25,0
1663-MHLHE,1,0,0,0,1,1,0,0,0,0,19.2,19.2,0
0794-YVSGE,1,0,1,1,72,1,0,2,0,1,20.3,1401.15,0
1839-UMACK,1,0,0,0,42,1,1,1,0,0,25.05,949.85,0
7321-KKSDU,1,0,0,1,32,1,0,2,0,0,20.5,696.8,0
1349-WXNGG,1,0,0,0,1,1,0,0,0,1,20.05,20.05,1
9350-ZXYJC,0,0,0,0,4,1,1,2,1,1,25.3,116.95,0
8958-JPTRR,0,0,1,0,56,1,1,1,0,0,24.3,1261.7,0
3173-WSSUE,0,0,1,1,71,1,0,2,0,1,19.7,1415.85,0
7369-TRPFD,1,0,0,0,19,1,0,1,0,0,18.8,279.2,0
1098-KFQEC,0,0,1,1,55,1,0,2,0,1,19.4,1083,0
7190-XHTWJ,0,0,0,0,38,1,0,1,0,0,19.3,755.5,0
5296-BFCYD,1,0,1,1,46,1,0,2,1,0,20.1,936.85,0
3279-DYZQM,1,0,1,1,71,1,0,2,0,0,19.45,1378.45,0
9575-IWCAZ,1,0,1,0,6,1,1,1,0,0,25.1,171,0
7010-BRBUU,1,0,1,1,72,1,1,2,0,1,24.1,1734.65,0
9938-PRCVK,0,0,1,1,41,1,0,2,0,1,19.7,804.25,0
0463-WZZKO,1,0,0,0,3,1,0,0,1,1,20.75,67.1,0
6770-XUAGN,0,0,1,1,1,1,0,0,1,0,21.0,21,1
0754-EEBDC,1,0,1,1,4,1,0,2,0,0,19.9,76.65,0
5777-ZPQNC,0,0,0,0,12,1,0,1,0,0,20.15,260.7,0
1022-RKXDR,0,0,0,0,41,1,1,1,1,0,24.85,962.25,0
8232-UTFOZ,1,0,0,0,69,1,0,2,0,1,19.95,1399.35,0
3750-YHRYO,1,0,1,1,7,1,0,1,0,0,20.65,150,0
0129-QMPDR,1,0,1,1,44,1,0,1,1,1,20.5,865.05,0
4623-ZKHLY,1,0,1,0,22,1,0,0,1,1,20.45,471.55,0
7696-CFTAT,1,0,1,1,37,1,0,2,0,1,19.8,726.1,0
2484-DGXPZ,0,0,1,1,31,1,0,0,1,0,19.55,658.95,1
2792-VPPET,1,0,0,0,3,1,0,0,1,0,20.5,76.95,0
3247-MHJKM,1,0,0,0,1,1,0,0,0,0,20.2,20.2,0
1964-SVLEA,1,0,0,0,20,1,0,1,1,0,19.7,415.9,0
7297-DVYGA,0,0,0,0,51,1,0,1,1,1,19.85,996.95,0
0854-UYHZD,0,0,1,1,13,1,0,2,0,0,19.55,265.3,0
7243-LCGGZ,0,0,0,0,1,1,0,0,0,0,20.9,20.9,0
8267-KFGYD,1,0,0,1,1,1,0,0,1,0,21.05,21.05,0
3764-MNMOI,1,0,0,0,46,1,0,2,0,1,19.2,908.15,0
8229-BUJHX,0,0,1,1,71,1,0,2,0,1,20.5,1500.95,0
4425-OWHWB,0,0,0,0,20,1,0,1,1,1,19.35,433.75,0
4703-MQYKT,1,0,0,0,21,1,0,2,0,0,19.6,390.4,0
2208-MPXIO,0,0,1,1,45,1,0,2,1,1,20.0,886.4,0
3190-FZATL,1,0,0,1,14,1,0,0,0,0,19.95,268.4,0
8022-BECSI,1,0,0,0,22,1,0,1,0,0,19.6,422.5,0
3977-QCRSL,0,0,0,0,5,1,0,0,0,0,20.15,117.95,0
7328-OWMOM,0,0,0,1,31,1,0,1,0,1,20.1,589.25,0
1087-GRUYI,1,0,1,0,38,1,0,2,0,1,20.4,743.5,0
3778-FOAQW,0,0,1,0,24,1,0,1,0,0,20.15,456.85,0
4452-ROHMO,0,0,0,0,15,1,0,2,0,0,19.6,331.6,0
8305-VHZBZ,1,0,0,0,1,1,0,0,1,0,20.2,20.2,1
3546-GHEAE,1,0,0,0,7,1,0,2,0,0,19.45,165.35,0
2550-QHZGP,1,0,0,0,7,1,0,1,0,0,19.5,128.6,0
5346-BZCHP,0,0,1,1,69,1,0,2,0,0,19.4,1346.2,0
7996-MHXLW,0,0,0,0,66,1,1,2,1,1,25.15,1683.6,0
7061-OVMIM,0,0,1,1,30,1,0,1,0,1,19.55,608.5,0
1852-QSWCD,1,0,1,1,64,1,1,2,1,0,24.8,1514.85,0
5986-WWXDV,1,0,0,1,39,1,0,1,0,1,19.35,779.2,0
3061-BCKYI,1,0,0,0,14,1,0,0,0,0,19.9,283.75,0
3486-KHMLI,1,0,0,1,21,1,1,0,0,0,24.7,467.15,0
4897-QSUYC,0,0,0,0,1,1,0,0,1,0,20.15,20.15,1
8957-THMOA,0,0,0,1,50,1,0,2,0,1,20.15,970.85,0
5555-RNPGT,1,0,0,1,10,1,1,0,0,1,24.8,223.9,0
1057-FOGLZ,0,0,0,0,18,1,0,0,0,0,19.65,391.7,0
0761-AETCS,0,0,0,0,1,1,0,0,0,0,19.3,19.3,1
3521-HTQTV,1,0,0,0,34,1,1,2,0,1,26.1,980.35,0
3744-ZBHON,0,0,0,0,3,1,0,0,0,0,20.2,65.95,0
3373-DIUUN,1,0,1,1,30,1,0,2,0,0,21.25,711.9,0
9805-FILKB,1,0,1,1,46,1,0,1,1,1,20.2,845.6,0
5793-YOLJN,0,0,1,1,55,1,0,2,0,0,21.0,1210.3,0
0673-IGUQO,1,0,0,0,1,1,0,0,0,0,20.45,20.45,0
6082-OQFBA,1,0,1,1,23,1,0,1,0,0,19.65,436.9,0
8974-OVACP,0,0,0,0,1,1,0,0,0,0,20.15,20.15,0
8612-GXIDD,1,0,1,1,12,1,1,2,1,1,25.4,313,0
6648-INWPS,1,0,1,1,16,1,0,0,0,0,20.15,341.35,0
2023-VQFDL,1,0,0,0,18,1,0,0,0,0,19.0,348.8,0
1345-GKDZZ,1,0,0,1,6,1,0,0,0,0,19.55,128.6,0
2560-WBWXF,1,0,0,0,68,1,1,2,1,1,24.15,1498.85,0
4335-UPJSI,0,0,0,1,24,1,0,2,0,0,19.75,498.1,0
8007-YYPWD,0,0,0,0,15,1,1,2,0,1,25.05,369.1,0
5039-LZRQT,0,0,0,0,13,1,0,1,0,0,20.2,273.25,0
1178-PZGAB,0,0,0,0,19,1,0,1,0,1,20.25,383.65,0
2626-VEEWG,1,0,1,1,67,1,0,2,1,1,19.4,1284.2,0
1657-DYMBM,1,0,1,0,53,1,0,2,0,1,19.9,1110.05,0
7311-MQJCH,0,0,0,0,5,1,0,1,0,0,19.55,99.6,0
5970-GHJAW,1,0,1,1,46,1,0,2,0,1,19.95,862.4,0
4195-PNGZS,1,0,1,1,69,1,1,2,0,1,24.45,1718.2,0
6922-NCEDI,1,0,0,1,56,1,0,1,1,0,21.2,1238.65,0
9891-NQDBD,0,0,1,0,28,1,1,1,0,0,25.55,672.2,0
6131-IUNXN,0,0,1,1,19,1,0,0,0,0,20.2,382.2,0
8532-UEFWH,1,0,1,1,52,1,1,2,0,0,25.75,1345.85,0
4365-MSDYN,1,0,1,0,8,1,0,0,1,1,19.55,161.15,0
8076-FEZKJ,1,0,0,0,10,1,0,1,0,0,19.5,225.85,0
5197-YPYBZ,0,0,1,1,12,1,1,2,0,1,25.25,274.7,0
0788-DXBFY,1,0,1,1,58,1,0,1,1,0,19.55,1108.8,0
5242-UOWHD,1,0,1,1,45,1,0,2,0,0,20.35,929.2,0
6479-SZPLM,1,0,1,1,36,1,0,2,0,1,19.45,754.5,0
2908-WGAXL,0,0,1,1,56,1,1,2,1,1,24.95,1468.9,0
3378-AJRAO,1,0,1,1,44,1,1,1,0,0,24.85,1013.6,0
0362-RAOQO,0,0,0,0,40,1,0,2,0,1,19.65,830.25,0
0829-DDVLK,0,0,0,0,15,1,0,1,0,1,20.1,302.45,0
1813-JLKWR,0,0,1,1,64,1,0,1,0,1,19.8,1336.65,0
9030-QGZNL,0,0,0,0,8,1,0,2,0,0,20.85,161.65,0
7205-BAIAD,0,0,0,0,40,1,0,2,1,1,20.6,827.3,0
0219-QAERP,1,0,1,0,30,1,0,1,0,1,19.8,576.65,0
5334-AFQJB,1,1,0,0,72,1,1,2,1,1,25.1,1789.9,0
8499-BRXTD,1,0,0,0,18,1,0,1,0,0,20.1,401.85,0
9367-OIUXP,1,0,0,0,4,1,0,0,0,0,20.7,73.05,0
6770-UAYGJ,0,0,1,1,49,1,1,2,0,0,25.25,1211.65,0
1306-RPWXZ,0,0,0,1,49,1,0,2,0,1,20.45,1024.65,0
3097-PYWXL,0,0,1,1,4,1,0,0,1,0,19.95,82.9,0
2809-ILCYT,0,0,1,0,25,1,1,1,1,0,26.8,733.55,0
4277-BWBML,1,0,1,1,72,1,0,2,0,1,19.95,1322.85,0
7874-ECPQJ,0,0,0,1,4,1,0,0,1,1,20.05,85.5,0
7089-RKVSZ,1,0,1,1,8,1,1,1,0,0,24.4,203.95,0
3981-QSVQI,1,0,0,0,8,1,0,0,1,1,19.7,168.9,0
9424-CMPOG,1,0,1,1,9,1,0,2,0,0,19.6,197.4,0
6974-DAFLI,0,0,1,0,55,1,0,1,0,0,19.7,1140.05,0
7064-JHXCE,1,0,1,1,62,1,0,2,0,1,20.05,1263.9,0
2712-SYWAY,0,0,0,0,1,1,1,0,1,0,25.7,25.7,0
9101-NTIXF,1,0,0,0,2,1,0,0,0,0,19.4,50.6,0
7649-PHJVR,1,0,0,0,11,1,0,1,0,0,19.5,226.8,0
1226-JZNKR,0,0,1,1,8,1,0,1,0,0,19.8,160.05,0
7623-HKYRK,1,0,0,1,6,1,0,0,0,0,19.7,111.65,0
6619-RPLQZ,0,0,1,1,45,1,0,2,0,0,20.85,892.15,0
9621-OUPYD,0,0,1,0,25,1,0,1,1,1,20.2,507.9,0
1133-KXCGE,0,0,0,0,18,1,0,1,0,0,20.1,407.05,0
0142-GVYSN,1,0,0,0,26,1,0,0,1,0,20.3,511.25,0
0023-UYUPN,0,1,1,0,50,1,1,1,0,0,25.2,1306.3,0
1465-WCZVT,0,0,1,1,3,1,0,0,0,0,19.65,60.65,0
8884-MRNSU,1,0,1,1,17,1,0,1,0,1,19.9,329.75,0
2171-UDMFD,1,0,1,1,32,1,0,0,1,1,19.45,674.55,0
5406-KGRMX,0,0,0,0,71,1,1,2,0,0,24.55,1719.15,0
5968-HYJRZ,1,0,1,1,47,1,1,2,0,0,24.55,1160.45,0
7140-ADSMJ,1,0,0,0,8,1,0,0,1,1,20.45,162.3,0
2230-XTUWL,0,0,1,1,48,1,0,2,0,0,19.55,883.35,0
7706-YLMQA,0,0,0,0,70,1,0,1,0,1,19.7,1341.5,0
7717-BICXI,1,0,1,1,60,1,0,2,0,0,20.55,1205.05,0
4716-MRVEN,0,0,0,0,29,1,0,1,0,0,20.0,599.3,0
2143-LJULT,0,0,1,0,67,1,1,2,1,1,25.25,1733.15,0
6164-HXUGH,0,0,1,1,6,1,0,0,0,0,19.85,119.3,0
6614-YWYSC,1,1,1,0,61,1,1,2,0,1,25.0,1501.75,0
6476-EPYZR,1,0,1,1,12,1,0,0,0,0,20.5,255.5,0
1552-TKMXS,0,0,1,0,42,1,0,0,0,1,20.35,869.9,0
6188-UXBBR,0,0,1,0,38,1,0,1,1,1,20.25,814.75,0
2333-KWEWW,1,0,0,0,18,1,0,2,0,1,20.05,388.6,0
5702-SKUOB,0,0,1,0,4,1,0,0,0,0,19.6,93.45,0
6585-WCEWR,1,0,1,1,72,1,0,2,0,0,20.35,1354.4,0
9067-YGSCA,0,0,0,0,70,1,1,1,0,1,26.05,1856.4,0
9067-SQTNS,1,0,1,1,44,1,0,1,0,1,20.6,926,0
1776-SPBWV,0,0,1,1,34,1,0,1,1,1,20.1,682.1,0
8735-SDUFN,0,1,1,0,72,1,1,2,0,1,24.3,1778.7,0
9668-PUGNU,1,0,1,0,71,1,1,2,1,0,24.5,1816.2,0
1926-QUZNN,0,0,1,0,72,1,1,2,1,1,25.25,1841.2,0
9565-AXSMR,1,0,1,1,52,1,0,2,0,0,19.2,1054.75,0
9081-WWXKP,0,0,1,1,47,1,0,2,0,1,20.25,873.4,0
0784-ZQJZX,1,0,0,1,72,1,0,2,0,1,19.9,1529.65,0
5766-ZJYBB,1,0,0,0,1,1,0,0,0,0,19.4,19.4,1
3612-YVGSJ,0,0,1,0,71,1,1,2,1,1,24.45,1681.6,0
0203-HHYIJ,1,0,0,0,25,1,1,1,0,1,25.3,676.35,1
2050-ONYDQ,0,0,1,1,65,1,1,2,0,1,26.0,1654.85,0
0188-GWFLE,1,0,0,0,2,1,0,0,0,0,20.05,33.7,0
8129-GMVGI,0,0,1,1,56,1,0,2,0,0,20.05,1090.1,0
2882-DDZPG,0,0,0,0,12,1,0,0,0,1,19.45,227.45,0
3547-LQRIK,0,0,1,0,47,1,1,1,0,0,26.9,1250.85,0
9137-NOQKA,1,1,0,0,2,1,0,0,0,0,19.2,37.2,0
5380-XPJNZ,0,0,0,0,38,1,0,1,0,0,20.05,678.2,0
7996-BPXHY,0,0,1,1,13,1,1,2,1,1,25.0,332.5,0
2266-FUBDZ,1,0,1,1,15,1,0,2,0,0,19.35,278.85,0
8237-ULIXL,0,0,1,0,72,1,1,2,0,1,24.85,1871.85,0
9153-BTBVV,0,0,1,0,71,1,1,2,0,1,25.0,1753,0
5186-PEIZU,0,0,0,0,35,1,0,0,0,1,19.25,617.65,0
4361-FEBGN,1,0,0,0,48,1,0,2,0,1,20.15,982.95,0
0380-ZCSBI,1,0,0,0,10,1,0,0,0,1,20.0,198.7,0
9624-EGDEQ,0,0,0,0,37,1,0,2,0,0,19.8,813.3,0
1051-EQPZR,0,0,1,1,44,1,0,0,0,0,19.6,780.25,0
5849-ASHZJ,1,0,0,1,27,1,0,1,0,1,20.05,552.9,0
3750-RNQKR,0,0,0,0,12,1,0,0,0,0,19.45,246.25,0
0962-CQPWQ,0,0,1,1,62,1,0,2,0,1,20.3,1296.15,0
1790-NESIO,0,0,0,0,13,1,0,2,1,0,20.4,261.3,0
4588-YBNIB,0,0,0,0,1,1,0,0,1,0,19.6,19.6,1
1069-QJOEE,1,0,1,1,25,1,0,1,0,0,19.9,505.45,0
4213-HKBJO,0,0,0,0,33,1,1,2,0,1,25.7,826.1,0
9953-ZMKSM,1,0,0,0,63,1,1,2,0,0,25.25,1559.3,0
8562-GHPPI,0,0,0,0,1,1,0,0,0,1,19.8,19.8,0
4986-MXSFP,0,0,0,0,2,1,0,0,1,0,20.0,40.9,0
3027-YNWZU,0,0,1,0,64,1,1,2,0,1,25.0,1584.8,0
7473-ZBDSN,0,0,1,1,14,1,0,2,0,0,18.8,255.55,0
6849-WLEYG,1,0,0,1,1,1,0,0,0,0,19.75,19.75,1
2150-OEGBV,1,0,0,0,27,1,0,1,0,1,20.1,562.6,0
1855-CFULU,0,1,0,0,4,1,0,0,0,0,20.05,91.45,0
4878-BUNFV,1,0,1,1,42,1,0,2,0,0,20.7,828.85,0
1872-EBWSC,0,0,0,0,29,1,0,1,0,0,20.35,617.35,0
7026-YMSBE,1,0,0,0,30,1,0,1,0,0,19.7,625.05,0
3976-HXHCE,1,0,0,0,72,1,0,2,0,1,19.3,1414.8,0
2466-NEJOJ,1,0,1,1,8,1,0,0,0,1,19.65,169.75,0
8150-QUDFX,1,0,0,0,2,1,0,0,0,0,19.85,51.6,0
1697-LYYYX,0,0,1,1,61,1,0,1,0,1,19.1,1143.8,0
4231-LZUYM,0,0,1,0,72,1,1,2,0,1,25.65,1887,0
3594-BDSOA,0,0,1,0,24,1,0,1,0,1,20.4,482.8,0
5996-DAOQL,1,0,0,0,1,1,0,0,1,0,20.45,20.45,0
0484-JPBRU,1,0,0,0,41,1,1,0,1,1,25.25,996.45,0
4635-EJYPD,1,0,1,1,32,1,0,2,0,0,18.95,613.95,0
1866-ZSLJM,1,0,0,0,21,1,0,0,0,1,20.5,402.85,0
4636-TVXVG,1,0,1,1,62,1,0,1,0,1,19.95,1244.8,0
9392-XBGTD,1,0,0,1,27,1,0,2,0,0,20.6,581.85,0
9929-PLVPA,0,0,0,1,4,1,0,0,0,1,20.4,94.5,0
2371-JUNGC,1,0,0,0,11,1,0,0,0,0,20.25,208,0
5480-XTFFL,0,0,1,1,31,1,0,2,0,0,21.0,697.7,0
8295-FHIVV,1,0,0,0,7,1,0,0,1,0,19.4,168.65,0
1179-INLAT,1,0,0,0,3,1,0,1,1,0,19.45,69.25,0
5468-BPMMO,1,0,1,0,46,1,0,0,0,0,19.6,851.2,0
5624-BQSSA,0,0,0,0,1,1,0,0,0,0,20.95,20.95,1
2439-QKJUL,1,0,0,0,5,1,0,0,0,0,20.25,109.8,0
1194-SPVSP,1,0,0,0,1,1,0,0,0,1,19.65,19.65,0
9534-NSXEM,1,0,0,0,26,1,0,1,1,1,20.65,595.5,0
1429-UYJSV,0,0,0,0,12,1,0,1,0,0,19.7,260.9,0
5577-OTWWW,0,0,0,0,15,1,0,0,0,1,19.75,297.3,1
4860-YZGZM,1,0,0,0,10,1,0,0,0,0,20.0,185.4,0
9838-BFCQT,1,0,1,1,72,1,1,2,0,0,26.1,1851.45,0
7009-PCARS,1,0,0,1,55,1,0,1,0,1,19.1,1001.5,0
0519-DRGTI,0,0,1,1,20,1,0,0,0,0,20.35,442.6,0
1985-MBRYP,0,0,0,0,43,1,0,2,1,1,19.65,779.25,0
1015-JPFYW,1,0,0,1,7,1,0,1,0,0,19.45,136.75,0
5804-JMYIO,0,0,1,1,39,1,0,2,0,0,19.75,757.95,0
6484-LATFU,1,0,0,0,68,1,1,2,0,0,24.55,1657.4,0
0936-NQLJU,0,0,1,0,41,1,0,2,0,1,20.65,875.55,0
3251-YMVWZ,1,0,0,0,53,1,1,1,0,1,24.05,1301.9,0
4884-LEVMQ,1,0,1,0,39,1,0,2,1,1,20.45,790,0
8857-CUPFQ,1,0,1,0,63,1,0,2,0,0,19.25,1237.65,0
7610-TVOPG,1,0,0,0,15,1,1,0,1,0,26.35,378.6,0
8559-WNQZS,1,0,0,0,1,1,0,2,0,0,20.45,20.45,0
4518-FZBSX,1,0,1,1,42,1,0,1,0,0,20.25,854.9,0
2002-MZHWP,0,0,0,0,1,1,0,0,0,0,20.5,20.5,1
3097-FQTVJ,0,0,0,0,41,1,0,2,0,0,20.0,810.3,0
5465-BUBFA,0,0,1,1,41,1,0,2,0,1,19.3,772.4,0
9371-BITHB,0,0,1,1,52,1,0,2,0,0,19.85,1070.5,0
6838-HVLXG,0,0,0,0,12,1,0,0,0,0,20.3,246.7,0
8922-NPKBJ,1,0,1,1,42,1,0,2,0,0,19.35,867.3,0
9512-PHSMG,0,0,1,0,10,1,0,0,1,0,20.55,252.75,0
7244-KXYZN,0,0,0,0,24,1,0,1,0,1,20.45,527.35,0
8148-NLEGT,0,0,1,1,42,1,1,2,0,0,22.95,1014.25,0
8347-GDTMP,0,0,1,0,64,1,0,2,0,1,19.45,1225.65,0
6746-WAUWT,1,0,0,0,19,1,0,1,1,1,19.7,386.5,0
7225-IILWY,1,0,1,1,68,1,1,2,0,0,25.75,1686.15,0
2668-TZSPS,1,0,0,0,1,1,0,0,0,0,20.45,20.45,0
7446-SFAOA,0,0,1,0,37,1,0,1,1,1,19.85,717.5,0
9522-ZSINC,1,0,0,0,13,1,0,1,1,0,19.95,253.8,0
8234-GSZYK,1,0,0,0,43,1,1,2,0,1,26.45,1110.05,0
5622-UEJFI,0,0,1,1,35,1,1,2,1,1,25.4,949.8,0
2181-TIDSV,1,0,1,1,68,1,0,2,1,1,19.95,1303.25,0
5322-ZSMZY,1,0,1,1,31,1,1,2,0,0,25.75,755.6,0
5220-AGAAX,1,0,1,1,68,1,1,2,1,1,24.0,1664.3,0
0208-BPQEJ,0,0,1,1,12,1,0,0,0,1,19.4,198.1,0
5310-NOOVA,1,0,0,0,46,1,0,2,0,0,19.95,907.05,0
4526-EXKKN,1,0,0,0,40,1,1,2,1,0,24.6,973.95,0
3345-JHUEO,1,0,0,0,4,1,0,0,1,0,20.2,55.7,0
5260-UMPWX,0,0,1,1,26,1,0,0,1,1,20.25,493.95,0
2576-HXMPA,0,0,0,0,1,1,0,0,0,1,19.55,19.55,0
4707-YNOQA,0,0,1,1,34,1,1,1,1,1,25.6,917.15,0
4830-FAXFM,1,0,0,1,19,1,1,0,1,1,24.1,439.2,0
5906-BFOZT,1,0,0,0,1,1,0,0,1,0,19.5,19.5,0
5598-IKHQQ,0,0,0,0,72,1,1,2,0,1,25.45,1866.45,0
0397-ZXWQF,1,0,0,0,67,1,0,2,0,1,20.5,1430.95,0
5266-PFRQK,1,0,1,1,52,1,0,1,1,1,20.85,1071.6,0
6765-MBQNU,0,0,1,0,26,1,1,1,0,0,26.0,684.05,0
3769-MHZNV,0,0,1,1,33,1,0,2,0,0,20.1,670.35,0
3308-MHOOC,1,0,0,1,1,1,0,0,1,0,19.2,19.2,0
2239-CFOUJ,1,0,1,1,1,1,0,1,0,0,20.4,20.4,0
1038-RQOST,1,0,1,1,19,1,0,0,0,0,20.6,414.95,0
4568-TTZRT,1,0,0,0,9,1,0,0,0,0,20.4,181.8,0
0516-QREYC,0,1,0,0,24,1,0,0,1,0,20.3,459.95,0
8084-OIVBS,0,0,0,0,11,1,0,1,0,0,20.0,211.95,0
8896-BQTTI,1,0,0,0,1,1,1,0,1,0,25.0,25,0
3352-RICWQ,0,0,1,1,9,1,0,2,0,0,19.75,210.65,0
4176-RELJR,1,1,0,0,67,1,1,2,0,1,25.1,1672.15,0
6377-KSLXC,1,0,0,0,5,1,0,0,0,0,19.95,107.05,0
1796-JANOW,0,0,0,0,2,1,0,0,0,0,19.95,38.15,0
8735-NBLWT,1,0,0,1,9,1,0,0,0,0,20.4,184.1,0
6651-RLGGM,1,0,1,1,67,1,1,2,0,0,26.3,1688.9,0
1614-JBEBI,0,0,0,0,8,1,0,0,1,0,20.7,137.6,0
5696-EXCYS,1,0,0,0,17,1,0,2,0,1,19.45,369.05,0
8512-WIWYV,1,0,0,0,32,1,0,1,0,1,20.35,707.5,0
0268-QKIWO,0,0,0,0,3,1,0,0,0,0,19.75,58.85,1
7319-ZNRTR,1,0,1,1,25,1,0,1,0,0,19.6,411.15,0
7503-EPSZW,0,0,1,1,64,1,1,2,1,0,24.05,1559.15,0
1784-BXEFA,0,0,0,0,10,1,0,0,1,0,20.55,187.35,0
1599-EAHXY,1,0,1,1,60,1,1,1,0,1,23.95,1506.4,0
8631-XVRZL,1,0,0,0,9,1,0,1,1,0,20.15,163.7,0
8189-DUKMV,0,0,1,0,4,1,0,1,0,1,20.5,79.05,0
2410-CIYFZ,1,0,0,1,2,1,0,0,0,0,20.4,42.9,0
5505-OVWQW,0,0,0,0,17,1,0,1,0,0,20.15,353.65,0
9174-FKWZE,0,1,0,0,1,1,0,0,1,0,19.45,19.45,1
2817-LVCPP,0,0,0,0,50,1,0,2,0,1,19.4,1023.95,0
4521-WFJAI,1,0,0,0,56,1,1,2,1,1,25.95,1444.05,0
6569-KTMDU,0,0,0,0,1,1,0,0,0,0,19.1,19.1,0
2122-SZZZD,1,0,0,0,44,1,0,1,0,1,19.5,835.5,0
3148-AOIQT,0,0,1,0,69,1,1,2,1,1,24.95,1718.35,0
8395-ETZKQ,1,1,1,1,68,1,0,1,0,1,19.5,1193.55,0
5222-JCXZT,1,0,0,0,4,1,0,0,0,0,19.0,78.9,0
2739-CCZMB,1,0,0,1,5,1,0,0,0,1,20.35,122,0
7168-HDQHG,0,0,1,1,36,1,0,0,0,1,19.2,702.9,0
4892-VLANZ,1,0,0,0,1,1,0,0,0,0,19.8,19.8,1
7968-QUXNS,1,0,0,0,6,1,0,0,0,0,18.95,110.15,0
4962-CHQPW,1,0,0,1,29,1,0,1,0,0,19.85,535.05,0
9467-ROOLM,0,0,0,0,25,1,0,0,0,0,19.05,461.3,0
1345-ZUKID,1,0,0,0,14,1,0,1,0,0,19.35,324.8,0
1834-WULEG,1,0,1,1,24,1,0,1,0,0,20.25,439.75,0
4893-GYUJU,0,0,0,0,50,1,0,1,1,0,19.35,1033,0
8908-SLFCJ,0,0,0,0,21,1,0,2,1,1,20.85,435.25,0
9766-HGEDE,0,0,1,0,17,1,0,1,0,0,19.35,307,0
5044-XDPYX,0,0,1,0,51,1,1,2,0,0,25.5,1281.25,0
3721-WKIIL,0,0,0,0,27,1,0,2,1,0,19.6,561.15,0
6734-CKRSM,0,0,0,0,3,1,0,0,0,0,20.0,63.6,0
3457-PQBYH,0,0,1,1,58,1,0,2,0,1,20.3,1160.75,0
5384-ZTTWP,0,0,1,1,15,1,0,0,0,0,19.8,272.95,0
1231-YNDEK,1,0,0,0,58,1,0,2,1,1,19.15,1035.5,0
1407-DIGZV,0,0,1,1,3,1,0,2,0,0,19.1,52,0
4393-OBCRR,0,0,0,0,3,1,0,1,0,0,20.25,71.2,0
3696-DFHHB,0,0,0,0,68,1,1,2,0,1,25.5,1821.8,0
6772-WFQRD,1,0,0,1,40,1,0,1,1,1,20.4,854.9,0
6972-SNKKW,0,0,0,0,6,1,0,0,0,0,20.0,109.2,0
3694-GLTJM,0,0,0,0,5,1,0,0,1,1,19.65,92.05,0
4359-INNWN,0,0,0,0,17,1,0,1,0,1,20.05,337.9,0
3594-IVHJZ,0,0,0,0,2,1,0,0,1,0,20.45,42.45,0
3896-ZVNET,0,0,1,1,24,1,1,2,0,0,24.7,571.75,0
0750-EKNGL,1,0,0,0,7,1,0,0,0,0,20.75,141.1,0
8043-PNYSD,1,0,1,1,63,1,0,2,0,0,19.55,1245.6,0
8173-RXAYP,0,0,1,1,24,1,0,2,0,0,19.7,452.55,0
6734-JDTTV,1,0,1,1,65,1,0,2,1,1,19.85,1267.05,0
7850-THJMU,0,0,1,1,26,1,0,2,0,1,19.65,494.9,0
3148-BLQJT,1,0,0,0,1,1,0,0,0,0,20.1,20.1,1
3717-FDJFU,1,0,0,1,5,1,0,2,0,0,20.45,106.9,0
6924-TDGMT,1,0,1,0,11,1,0,1,1,0,20.55,184.95,0
0464-WJTKO,0,0,1,1,72,1,0,2,0,1,20.1,1460.85,0
8902-ZEOVF,1,0,1,1,47,1,0,1,0,0,20.05,951.55,0
2662-NNTDK,1,0,0,0,65,1,1,1,0,1,24.8,1600.95,0
1245-HARPS,0,0,1,0,14,1,0,2,0,0,20.4,292.4,0
4323-ELYYB,1,0,1,1,13,1,0,1,0,0,20.0,218.55,0
1085-LDWAM,0,0,1,1,69,1,0,1,1,1,20.35,1442.65,0
1843-TLSGD,0,0,1,1,13,1,0,2,0,0,20.85,272.35,0
1336-EZFZY,0,0,0,0,4,1,0,0,0,0,20.05,83.3,0
1403-LKLIK,0,0,1,1,33,1,0,1,0,0,20.1,579.4,0
2706-QZIHY,0,0,1,0,15,1,1,2,0,0,25.2,387.9,0
6061-PQHMK,0,0,0,0,25,1,0,1,0,1,19.9,527.5,0
9122-UMROB,1,0,0,0,1,1,0,0,0,0,20.3,20.3,0
4232-JGKIY,1,0,0,0,1,1,0,0,0,0,19.2,19.2,0
3913-RDSJZ,0,0,1,0,64,1,1,2,0,0,25.55,1714.95,0
4203-QGNZA,0,0,0,1,28,1,0,0,0,0,20.25,535.35,0
7644-OMVMY,1,0,1,1,0,1,0,2,0,0,19.85, ,0
4573-JKNAE,1,0,0,1,12,1,0,2,0,1,19.35,212.3,0
9817-APLHW,1,0,0,0,12,1,1,0,0,0,25.0,316.2,0
8380-MQINP,0,0,1,1,55,1,0,2,0,0,20.3,1079.05,0
4616-EWBNJ,0,0,0,0,16,1,0,1,0,1,20.1,318.6,0
6923-AQONU,1,0,1,1,23,1,0,2,0,0,20.9,454,0
3623-FQBOX,1,0,0,0,21,1,0,0,1,0,19.95,416.4,0
3865-ZFZIB,1,0,0,0,19,1,0,2,0,0,19.65,358.15,0
4946-EDSEW,0,0,1,1,11,1,0,0,1,0,19.25,180.3,1
3642-BYHDO,0,0,1,1,71,1,0,2,0,1,19.9,1389.35,0
9629-NHXFW,0,0,1,1,1,1,0,0,1,0,19.4,19.4,0
2696-RZVZW,1,0,1,0,68,1,1,2,0,1,25.05,1629.2,0
0396-HUJBP,0,0,0,0,2,1,0,0,0,0,19.3,44.4,0
6285-FTQBF,1,0,1,1,72,1,1,2,0,1,25.55,1867.7,0
3530-CRZSB,0,0,0,0,7,1,0,0,0,0,20.65,155.9,0
0621-TSSMU,1,0,1,0,56,1,0,1,0,1,19.95,1126.75,0
7234-KMNRQ,1,0,0,0,4,1,0,0,0,0,19.0,73.45,0
4299-OPXEJ,0,0,0,0,56,1,0,2,1,1,19.55,1080.55,0
9618-LFJRU,0,0,0,0,4,1,0,0,0,1,20.45,82.85,0
6447-EGDIV,0,0,0,0,31,1,0,1,0,0,20.95,683.25,0
1167-OYZJF,0,1,1,0,67,1,0,2,1,1,20.05,1263.05,0
7872-BAAZR,0,0,1,1,53,1,0,1,0,1,19.55,1007.9,0
0428-AXXLJ,1,0,0,0,25,1,0,1,1,1,19.5,516.3,0
8566-YPRGL,0,0,0,0,1,1,0,0,1,0,19.5,19.5,0
6609-MXJHJ,0,0,1,1,30,1,1,2,1,0,25.1,789.55,0
9430-NKQLY,1,0,1,1,72,1,1,2,1,1,25.1,1790.8,0
0247-SLUJI,1,0,1,1,1,1,0,0,0,0,19.7,19.7,0
1293-HHSHJ,0,0,0,0,35,1,0,1,0,0,21.1,741,0
8610-ZIKJJ,0,0,1,1,2,1,0,1,0,0,20.3,31.9,0
6060-QBMGV,1,0,1,0,70,1,0,2,0,1,19.85,1433.8,0
9257-AZMTZ,0,0,1,1,52,1,0,2,0,1,20.1,1078.75,0
0426-TIRNE,0,0,0,0,1,1,0,0,0,0,20.9,20.9,1
3678-MNGZX,1,0,1,1,68,1,0,2,0,1,19.95,1377.7,0
4558-CGYCZ,1,0,0,0,4,1,0,0,0,0,19.75,78.3,0
3785-KTYSH,1,0,0,0,53,1,1,2,0,0,24.6,1279,0
6814-ZPWFQ,1,1,0,0,51,1,1,1,0,1,25.0,1260.7,0
4063-EIKNQ,1,0,1,1,11,1,0,0,0,1,20.95,267.35,0
8393-JMVMB,1,0,0,0,1,1,0,0,0,0,19.45,19.45,0
6036-TTFYU,0,0,1,0,16,1,0,0,0,0,19.6,314.45,0
0969-RGKCU,1,0,1,1,37,1,0,1,0,1,19.8,677.05,0
2332-EFBJY,1,0,0,0,16,1,0,0,1,0,19.7,342.4,1
4311-QTTAI,0,0,0,0,16,1,0,1,0,1,19.35,295.55,0
4318-RAJVY,0,0,0,0,10,1,0,1,1,0,19.8,198.25,0
6134-KWTBV,1,0,0,0,62,1,1,2,0,1,23.4,1429.65,0
0895-LNKRC,1,0,1,1,6,1,0,1,0,0,19.45,113.5,0
5171-EPLKN,1,0,0,0,27,1,0,2,0,1,19.85,470,0
9847-HNVGP,1,0,0,0,17,1,0,1,0,0,19.95,310.6,0
6696-YDAYZ,1,0,1,1,16,1,0,2,0,0,20.5,290.55,0
6506-EYCNH,0,0,1,1,28,1,0,0,1,1,19.55,543.8,0
4634-JLRJT,0,0,0,0,1,1,0,0,1,0,20.35,20.35,0
2560-QTSBS,0,0,1,1,72,1,1,1,1,1,23.3,1623.15,0
9447-YPTBX,0,0,1,0,50,1,0,1,1,1,19.85,943.1,0
1552-CZCLL,0,0,1,1,55,1,0,0,0,1,20.0,1087.25,0
9313-CDOGY,1,0,1,1,38,1,0,0,0,0,19.6,717.3,0
1591-XWLGB,0,0,1,0,71,1,0,2,0,1,19.85,1379.6,0
3243-ZHOHY,0,0,0,0,16,1,0,1,0,0,20.1,296.15,0
7527-QNRUS,1,0,1,1,17,1,1,2,1,0,25.15,412.6,0
9986-BONCE,0,0,0,0,4,1,0,0,0,1,20.95,85.5,1
5296-PSYVW,0,0,1,0,72,1,1,2,0,0,24.55,1750.7,0
6319-QSUSR,0,0,0,1,11,1,0,0,0,1,19.7,216.2,0
4083-EUGRJ,1,0,0,0,9,1,0,0,0,0,20.25,178.5,1
9451-WLYRI,0,0,1,0,53,1,0,1,0,1,19.05,990.45,0
8219-VYBVI,1,0,0,1,39,1,1,2,0,0,25.0,1004.35,0
1991-VOPLL,0,0,0,0,9,1,0,0,0,0,19.05,157.65,0
0174-QRVVY,1,0,1,1,71,1,1,2,0,1,25.35,1847.55,0
5699-BNCAS,1,1,0,0,71,1,1,2,1,0,24.65,1766.75,0
2900-PHPLN,0,1,1,0,70,1,0,2,1,1,19.55,1462.05,0
6878-GGDWG,0,0,1,0,32,1,0,0,0,1,19.4,641.15,0
8450-LUGUK,0,0,1,1,37,1,1,2,1,1,24.1,861.85,0
5442-BXVND,0,0,1,1,33,1,1,0,0,1,24.25,838.5,0
9753-OYLBX,0,0,0,0,1,1,0,0,0,0,20.5,20.5,0
1240-KNSEZ,1,0,0,0,1,1,0,0,1,0,20.1,20.1,1
5616-PRTNT,1,0,0,1,20,1,0,0,1,0,19.4,374.5,1
3812-LRZIR,0,0,1,1,27,1,1,2,0,0,24.5,761.95,0
9483-GCPWE,1,0,0,1,9,1,0,1,0,0,20.1,190.25,0
9537-JALFH,1,0,1,1,69,1,0,2,0,1,19.9,1356.7,0
6698-OXETB,1,0,0,0,11,1,0,2,0,0,20.4,231.45,0
3724-BSCVH,1,0,1,1,10,1,0,1,0,0,20.45,242.4,0
6823-SIDFQ,1,0,0,0,28,1,0,1,0,1,18.25,534.7,0
2839-RFSQE,0,0,0,0,2,1,0,0,0,0,20.65,38.7,1
7010-ZMVBF,0,0,1,1,18,1,0,0,0,0,20.45,357,0
5201-CBWYG,1,0,1,1,62,1,1,1,0,1,24.8,1476.25,0
3635-QQRQD,1,0,0,0,62,1,0,2,1,1,20.05,1201.65,0
2926-JEJJC,0,0,0,0,8,1,0,1,1,1,20.2,140.95,0
5789-LDFXO,1,0,0,0,24,1,1,1,0,0,24.6,592.65,0
7096-UCLNH,1,0,0,0,1,1,0,0,0,0,20.05,20.05,0
6674-KVJHG,0,0,0,0,11,1,1,1,0,0,25.2,245.15,0
1814-DKOLC,0,0,0,0,5,1,1,0,0,0,25.45,134.75,0
2129-ALKBS,0,0,1,1,40,1,1,0,1,0,26.2,1077.5,0
5821-MMEIL,0,0,1,0,57,1,0,2,0,1,19.9,1115.6,0
4742-TXUEX,0,0,1,1,47,1,0,2,0,1,19.3,890.5,0
8873-TMKGR,1,0,0,0,29,1,0,1,0,0,19.1,529.5,0
0310-VQXAM,1,0,0,0,9,1,0,0,0,0,19.85,178.8,0
6598-RFFVI,1,0,0,0,2,1,0,1,0,1,19.3,28.3,1
6278-FEPBZ,0,0,0,0,9,1,0,0,0,0,20.25,186.15,0
7698-YFGEZ,1,0,0,0,1,1,0,0,0,0,20.0,20,0
7785-RDVIG,0,0,1,1,3,1,0,0,0,0,19.3,54.7,0
9602-WCXPI,1,0,0,0,50,1,0,1,0,1,20.15,989.05,0
8573-JGCZW,1,0,0,0,17,1,0,1,1,1,19.65,351.55,0
9504-YAZWB,0,0,0,0,53,1,0,2,0,0,20.25,1048.45,0
3620-EHIMZ,0,0,1,1,52,1,0,2,0,0,19.35,1031.7,0
3213-VVOLG,1,0,1,1,0,1,1,2,0,0,25.35, ,0
6870-ECSHE,0,0,0,0,2,1,0,1,0,0,20.45,34.8,0
8747-UDCOI,0,0,1,0,65,1,0,2,0,1,19.35,1319.95,0
8194-PEEBY,0,0,1,1,24,1,0,1,0,0,19.9,533.5,0
8387-UGUSU,0,0,1,1,15,1,0,0,0,0,20.05,284.3,0
1080-BWSYE,1,1,1,0,64,1,1,2,0,1,25.65,1740.8,0
8439-LTUGF,1,0,0,0,10,1,0,0,1,1,20.0,198.6,0
0206-OYVOC,0,0,1,1,46,1,0,2,1,0,19.25,864.2,0
7291-CDTMJ,1,0,0,0,1,1,0,0,1,1,19.65,19.65,0
3675-EQOZA,1,0,0,0,5,1,0,0,0,1,20.65,93.55,0
5854-KSRBJ,1,0,1,1,70,1,1,2,0,0,25.4,1782.05,0
5701-SVCWR,0,0,0,1,1,1,1,0,0,0,24.0,24,0
3129-AAQOU,0,0,1,1,19,1,1,2,0,0,25.6,485.9,0
2592-HODOV,1,0,0,0,13,1,0,1,0,1,19.3,259.65,0
3824-RHKVR,0,0,0,0,17,1,0,0,0,1,19.7,340.35,0
4979-HPRFL,1,0,1,1,56,1,1,2,0,1,24.15,1402.25,0
8590-OHDIW,0,0,1,1,38,1,0,1,0,0,20.3,749.35,0
2332-TODQS,0,0,0,0,48,1,1,1,0,1,25.05,1171.5,0
8008-OTEZX,0,0,1,1,35,1,0,1,0,0,19.65,708.8,0
4803-LBYPN,1,0,1,1,34,1,0,0,0,0,20.8,635.9,0
1093-YSWCA,1,0,0,0,11,1,0,2,0,1,19.55,223.15,0
8749-TZYEC,1,0,1,0,72,1,1,2,0,1,24.8,1874.3,0
1755-FZQEC,1,0,0,0,39,1,0,1,0,0,19.9,791.15,0
4390-KYULV,1,0,1,0,3,1,0,0,1,1,20.55,51.15,1
5396-IZEPB,1,0,0,0,9,1,0,0,0,1,19.7,180.7,0
8285-ABVLB,0,0,1,0,70,1,0,2,0,1,19.85,1328.35,0
5712-VBOXD,0,0,0,0,4,1,0,0,1,1,20.15,68.45,0
4797-MIWUM,1,0,1,1,7,1,0,0,1,1,20.25,174.7,0
4537-CIBHB,0,0,1,1,9,1,0,1,0,0,20.25,172.35,0
3274-NSDWE,0,0,0,0,68,1,0,2,0,1,19.6,1441.65,0
5914-GXMDA,0,0,1,0,32,1,0,1,0,0,19.3,593.2,0
7463-IFMQU,0,0,1,0,72,1,0,2,0,1,20.05,1423.65,0
8515-OCTJS,0,0,0,0,25,1,1,2,0,1,24.75,692.1,1
7008-LZVOZ,1,0,1,1,66,1,1,2,1,1,25.3,1672.35,0
9365-CSLBQ,1,0,0,1,71,1,1,2,0,0,24.35,1654.6,0
5884-FBCTL,0,0,1,1,72,1,1,2,0,1,25.1,1857.85,0
1395-WSWXR,1,0,0,0,24,1,0,2,0,0,20.75,487.05,0
0582-AVCLN,0,0,0,0,38,1,0,2,0,0,20.3,743.05,0
2565-JSLRY,1,0,0,0,1,1,1,0,1,0,24.05,24.05,1
2607-DHDAK,1,0,1,1,72,1,0,2,1,1,19.8,1414.65,0
1073-XXCZD,1,0,1,0,55,1,1,2,0,1,25.7,1443.65,0
3727-JEZTU,0,0,0,0,1,1,0,0,0,0,20.4,20.4,0
8143-ETQTI,0,0,1,1,23,1,0,2,1,0,19.65,451.55,0
4255-DDUOU,0,0,1,1,1,1,0,0,1,0,20.5,20.5,1
5863-OOKCL,0,0,0,0,10,1,0,0,0,0,18.85,163.2,0
1686-STUHN,1,0,0,0,42,1,0,1,0,1,19.8,849.9,0
4054-CUMIA,0,0,1,1,18,1,0,0,1,0,20.25,401.95,0
0603-TPMIB,0,0,1,1,59,1,1,2,0,0,25.45,1534.05,0
2525-GVKQU,0,0,0,0,60,1,0,2,0,0,20.6,1093,0
7980-MHFLQ,0,0,1,1,72,1,1,2,0,0,24.9,1859.2,0
7239-HZZCX,1,0,0,0,1,1,0,0,0,0,19.75,19.75,1
3423-HHXAO,0,0,1,1,14,1,0,1,1,0,19.5,272,0
6199-IPCAO,0,0,1,1,29,1,1,2,0,0,26.1,692.55,0
3847-BAERP,0,0,0,0,10,1,0,0,1,0,20.9,247,0
0670-KDOMA,0,0,0,0,1,1,0,0,1,0,20.25,20.25,0
5356-RHIPP,1,0,0,0,1,1,0,0,1,0,20.2,20.2,1
0608-JDVEC,1,0,1,0,50,1,0,2,0,0,19.8,1013.2,0
2650-GYRYL,1,0,1,1,33,1,0,1,1,1,19.45,600.25,0
3982-JGSFD,1,0,0,0,36,1,0,1,1,1,20.35,695.85,0
1574-DYCWE,0,0,1,1,51,1,0,2,0,0,19.95,1028.75,0
2466-FCCPT,0,0,1,1,20,1,0,1,0,1,19.7,395.6,0
6016-NXBNJ,1,0,0,0,35,1,0,1,1,0,19.15,638,0
3724-UCSHY,1,0,1,1,6,1,0,0,0,0,19.55,122.9,0
8626-XHBIE,1,0,0,1,56,1,1,2,1,0,24.8,1424.2,0
2876-VBBBL,0,0,0,0,1,1,0,0,1,0,20.25,20.25,1
3079-BCHLN,1,0,1,0,47,1,0,1,0,1,19.9,942.95,0
7777-UNYHB,0,0,1,1,12,1,0,0,1,1,20.1,232.4,0
3836-FZSDJ,1,1,1,0,71,1,1,2,0,1,24.85,1901,0
9142-XMYJH,0,0,0,0,29,1,0,0,0,1,19.35,601.6,0
5214-CHIWJ,1,0,0,0,27,1,0,1,0,0,20.3,595.05,0
2465-BLLEU,1,0,0,0,1,1,0,0,1,0,19.75,19.75,0
8874-EJNSR,1,0,1,1,39,1,1,2,0,0,25.2,987.95,0
5917-RYRMG,1,1,0,0,32,1,0,1,0,1,19.8,587.7,0
9025-ZRPVR,1,0,0,0,9,1,0,0,1,0,18.95,185.6,1
1905-OEILC,0,0,0,0,1,1,0,0,0,0,19.5,19.5,0
6248-BSHKG,1,0,1,1,61,1,0,1,0,0,20.4,1226.45,0
4685-TFLLS,1,0,1,1,18,1,0,1,0,1,19.8,342.3,0
8620-RJPZN,0,0,0,0,1,1,0,0,0,0,20.7,20.7,0
2642-MAWLJ,0,0,1,1,36,1,0,2,0,1,20.25,717.95,0
7137-NAXML,1,0,0,0,23,1,0,1,0,1,20.15,405.6,0
2428-ZMCTB,1,0,0,0,10,1,0,0,0,1,19.75,208.25,0
2961-VNFKL,0,0,1,0,71,1,1,2,1,1,25.95,1801.9,0
6963-KQYQB,0,0,1,1,70,1,1,2,0,0,24.05,1764.75,0
1207-BLKSA,0,0,1,1,52,1,1,2,0,0,23.05,1255.1,0
1166-PQLGG,0,0,1,1,72,1,0,2,0,1,19.55,1463.45,0
3146-JTQHR,1,0,1,0,10,1,0,1,0,1,19.6,189.45,0
4291-YZODP,0,0,0,1,7,1,0,1,0,0,20.05,96.8,0
9027-YFHQJ,1,0,0,0,7,1,1,0,1,1,25.05,152.95,0
4644-OBGFZ,1,0,1,1,55,1,0,1,0,0,19.5,1026.35,0
7926-IJOOU,1,0,0,0,1,1,0,0,0,1,19.3,19.3,0
7602-DBTOU,0,0,1,0,71,1,0,2,0,0,19.6,1416.5,0
5345-BMKWB,1,0,1,0,8,1,0,0,0,0,20.25,158.35,0
0307-BCOPK,0,0,0,0,16,1,0,1,0,0,19.05,326.65,0
2542-HYGIQ,0,0,0,0,1,1,0,0,0,1,19.95,19.95,0
5016-LIPDW,1,0,1,1,57,1,0,1,0,0,19.4,1061.6,0
6124-ACRHJ,0,0,0,0,1,1,0,0,0,0,19.75,19.75,0
9975-GPKZU,1,0,1,1,46,1,0,2,0,1,19.75,856.5,0
9625-RZFUK,1,0,1,1,63,1,0,2,0,0,19.7,1275.85,0
8207-VVMYB,0,0,1,0,70,1,1,2,1,1,26.0,2006.95,0
1087-UDSIH,0,0,0,0,3,1,0,0,1,0,19.6,59.75,1
2819-GWENI,0,0,1,1,28,1,0,1,0,0,19.9,543,0
1043-YCUTE,1,0,1,0,56,1,1,2,1,1,25.15,1327.15,1
3572-UUHRS,1,0,0,0,45,1,0,1,0,1,18.85,867.3,0
2692-PFYTJ,0,0,0,0,1,1,1,0,1,0,25.75,25.75,0
5955-EPOAZ,0,0,0,0,6,1,0,0,1,0,20.95,109.5,0
8815-LMFLX,1,0,1,1,25,1,1,0,1,1,25.4,546.85,0
9135-HSWOC,1,0,1,1,64,1,0,2,1,1,19.7,1274.05,0
2228-BZDEE,0,0,0,0,54,1,0,2,0,0,20.1,1079.45,0
1131-ALZWV,0,0,0,0,24,1,1,1,0,1,24.6,605.25,0
7729-XBTWX,1,0,1,1,66,1,0,2,1,0,19.75,1344.5,0
3284-SVCRO,0,0,1,0,45,1,1,2,0,0,25.5,1121.05,0
9732-OUYRN,0,0,1,0,49,1,0,1,0,1,19.0,918.7,0
0559-CKHUS,0,0,1,0,29,1,0,2,1,0,19.55,521.8,0
5808-TOTXO,0,0,0,1,3,1,0,1,1,1,20.55,57.4,0
5324-KTGCG,1,0,1,0,71,1,0,1,0,0,20.85,1539.75,0
2700-LUEVA,1,0,0,0,1,1,0,0,0,1,20.75,20.75,0
5743-KHMNA,1,0,0,0,71,1,1,2,0,1,25.55,1898.1,0
4302-ZYFEL,1,0,1,1,69,1,0,1,1,1,20.55,1403.1,0
6121-VZNQB,0,0,0,0,1,1,0,0,1,0,19.1,19.1,1
6671-NGWON,0,0,0,0,7,1,0,0,0,0,20.35,150.6,0
1955-IBMMB,1,0,0,0,59,1,0,2,1,1,20.2,1192.3,0
3806-YAZOV,0,0,0,0,3,1,0,0,0,0,18.8,56,0
7998-ZLXWN,0,0,1,0,15,1,0,0,0,1,20.45,330.8,0
8430-TWCBX,0,0,1,0,49,1,0,1,0,1,20.7,1032.05,0
3372-CDXFJ,1,0,1,1,13,1,1,1,0,1,24.5,343.6,0
4781-ZXYGU,1,0,1,1,1,1,0,0,1,1,20.15,20.15,0
7632-YUTXB,0,0,1,1,25,1,0,1,0,0,20.05,520.1,0
2718-YSKCS,1,0,1,1,71,1,0,2,1,1,19.6,1387.45,0
6980-CDGFC,0,0,1,0,67,1,0,1,1,1,20.85,1327.4,0
2520-SGTTA,0,0,1,1,0,1,0,2,0,0,20.0, ,0
1930-BZLHI,1,0,0,0,21,1,0,1,1,0,20.35,422.7,0
5868-YTYKS,1,0,0,1,1,1,0,0,1,0,20.25,20.25,0
3525-DVKFN,0,0,0,0,17,1,0,2,0,0,19.4,358.05,0
3373-YZZYM,1,0,1,1,1,1,0,0,0,0,19.2,19.2,0
1850-AKQEP,1,0,0,1,8,1,0,0,0,0,20.35,178.7,0
8042-RNLKO,1,0,0,0,66,1,1,1,0,1,25.45,1699.15,0
5372-FBKBN,0,0,0,1,21,1,0,0,0,0,20.75,452.2,0
1045-LTCYT,0,0,1,1,8,1,0,0,0,1,21.05,139.75,0
2263-SFSQZ,1,0,1,1,51,1,1,2,1,0,24.95,1222.25,0
9950-MTGYX,1,0,1,1,28,1,0,2,1,1,20.3,487.95,0
4825-FUREZ,1,0,1,0,42,1,0,2,0,0,20.25,835.5,0
0137-UDEUO,0,0,0,0,3,1,0,0,0,0,19.85,63.75,1
8410-BGQXN,1,0,0,0,4,1,0,0,0,0,19.4,93.4,0
1619-YWUBB,0,0,1,0,68,1,1,2,1,1,24.95,1614.9,0
7083-YNSKY,0,0,0,0,15,1,1,0,1,1,25.4,399.6,1
4693-VWVBO,0,0,0,0,3,1,0,0,0,0,19.55,61.05,0
7434-SHXLS,0,0,0,0,1,1,0,0,0,0,20.9,20.9,1
5075-JSDKI,0,0,0,0,59,1,1,2,0,0,24.45,1493.1,0
3873-WOSBC,1,0,1,0,67,1,1,2,0,1,25.6,1784.9,0
4116-IQRFR,1,0,1,1,4,1,1,1,0,1,24.1,73.1,0
7853-WNZSY,1,0,0,0,1,1,0,0,1,1,19.75,19.75,0
3120-FAZKD,1,0,1,1,54,1,1,2,1,1,24.05,1230.9,0
8606-OEGQZ,0,0,0,1,18,1,1,2,0,1,25.3,454.65,0
0967-BMLBD,0,0,1,1,11,1,0,1,1,0,20.0,196.35,0
5006-MXVRN,0,0,0,0,39,1,0,2,0,1,20.7,762.45,0
8327-WKMIE,1,0,0,0,37,1,0,1,0,1,20.15,785.75,0
6917-FIJHC,0,0,1,0,72,1,1,2,1,0,26.0,1776,0
3530-VWVGU,0,0,1,1,22,1,0,0,0,0,19.9,400.3,0
3506-LCJDC,1,0,1,1,1,1,0,0,0,1,19.95,19.95,1
7305-ZWMAJ,1,0,1,0,30,1,0,1,0,1,20.7,587.1,0
1945-XISKS,0,0,1,0,67,1,0,2,0,0,19.65,1335.2,0
6728-WYQBC,1,0,0,0,1,1,0,0,0,1,20.95,20.95,0
7216-KAOID,1,0,1,1,41,1,0,1,0,1,19.5,798.2,0
4625-XMOYM,0,0,1,1,72,1,1,2,1,1,26.25,1988.05,0
1385-TQOZW,0,0,0,0,9,1,0,0,1,1,20.45,147.55,0
4804-NCPET,1,0,1,1,19,1,0,2,0,0,20.2,387.4,0
7787-BNTZM,1,0,0,0,6,1,0,0,0,1,20.15,130.5,0
4877-EVATK,1,0,0,0,1,1,0,0,0,0,20.0,20,1
1386-ZIKUV,1,0,0,0,7,1,0,0,1,0,18.95,130.55,0
6855-VLGOS,1,0,1,1,72,1,0,2,0,0,20.55,1432.55,0
8746-OQQRW,1,0,0,0,4,1,1,0,0,0,25.25,101.9,0
3181-MIZBN,1,0,1,1,16,1,0,0,0,0,19.75,313.4,0
0825-CPPQH,0,0,1,0,71,1,0,2,0,1,19.1,1372.45,0
9084-OAYKL,1,0,0,0,58,1,0,2,0,0,20.8,1212.25,0
1494-EJZDW,0,0,1,1,10,1,0,2,0,0,20.15,220.8,0
8003-EWNDZ,0,0,0,0,10,1,0,0,1,0,21.2,222.65,0
1897-RCFUM,0,0,1,1,39,1,1,1,1,0,24.2,914.6,0
9256-JTBNZ,0,0,0,0,11,1,0,0,0,1,20.3,246.3,0
1240-HCBOH,0,0,0,0,67,1,1,2,1,0,26.1,1759.55,0
1734-ZMNTZ,0,0,1,1,11,1,1,2,0,0,25.0,300.7,0
0626-QXNGV,0,0,1,0,72,1,1,2,1,1,24.15,1776.45,0
4732-RRJZC,1,0,1,1,7,1,0,0,0,0,20.25,144.35,0
3007-FDPEA,0,0,0,0,2,1,0,0,1,1,20.7,39.85,0
6112-KTHFQ,0,0,0,0,13,1,0,0,1,0,19.3,279.3,0
4760-XOHVN,0,0,1,1,1,1,0,0,0,0,19.45,19.45,1
1820-DJFPH,0,0,1,1,72,1,1,2,1,1,24.05,1709.15,0
9426-SXNHE,0,0,0,0,2,1,0,0,0,1,18.75,53.15,0
9068-FHQHD,0,0,1,1,40,1,0,2,0,1,20.15,777.35,0
1269-FOYWN,1,0,1,1,44,1,0,1,0,1,20.0,860.85,0
6509-TSGWN,0,0,1,1,37,1,1,0,0,0,26.45,911.6,0
3178-CIFOT,0,0,0,0,23,1,0,1,1,1,19.65,478.1,0
4530-NDRKU,0,0,1,1,42,1,0,1,1,0,19.05,761.85,0
0883-EIBTI,0,0,0,0,2,1,0,0,0,0,19.5,31.55,1
4018-KJYUY,1,0,0,1,22,1,0,0,0,1,20.15,432.5,0
8780-RSYYU,0,0,0,0,25,1,0,0,1,1,19.2,532.1,0
5537-UXXVS,0,0,1,0,20,1,0,0,0,1,19.25,375.25,0
8701-DGLVH,1,0,0,0,51,1,0,2,0,0,20.45,1042.65,0
3011-WQKSZ,1,0,0,1,19,1,0,0,1,0,20.0,377.55,0
2832-SCUCO,0,0,0,0,2,1,0,0,0,0,19.9,57.4,0
0463-TXOAK,1,0,0,1,52,1,1,2,0,1,25.6,1334.5,0
0594-UFTUL,1,0,1,1,13,1,0,0,1,0,19.85,252,0
9509-MPYOD,0,0,0,0,35,1,0,1,0,0,20.75,700.45,0
5871-DGTXZ,1,0,0,0,32,1,0,1,0,0,19.8,607.7,0
3556-BVQGL,0,0,1,0,20,1,0,1,1,0,20.0,416.45,0
4211-MMAZN,1,0,0,0,1,1,0,0,0,0,20.25,20.25,1
3154-HMWUU,1,0,1,0,60,1,0,2,1,1,20.5,1198.8,0
8748-HFWBO,1,0,1,1,19,1,0,1,0,0,19.9,357.7,0
1052-QJIBV,0,0,1,1,71,1,0,2,0,1,19.9,1397.3,0
8544-JNBOX,1,0,0,0,72,1,0,2,1,0,20.8,1521.2,0
6139-ZZRBQ,1,1,0,0,64,1,0,2,1,1,20.05,1198.05,0
8884-FEEWR,1,0,0,0,35,1,0,1,0,1,20.6,754,0
3125-RAHBV,1,0,0,0,22,1,0,1,0,1,20.3,467.15,0
8785-EPNCG,1,0,0,0,11,1,1,0,0,1,23.15,245.2,1
1682-VCOIO,1,0,0,0,23,1,0,1,0,0,20.45,481.1,0
2072-ZVJJX,1,0,1,0,68,1,1,2,0,1,25.25,1728.2,0
3646-ITDGM,0,0,0,0,56,1,0,2,0,1,19.7,1051.9,0
8224-KDLKN,1,0,1,1,72,1,1,2,0,1,25.0,1738.9,0
1064-FBXNK,1,0,1,1,1,1,0,1,0,1,19.85,19.85,0
3996-ZNWYK,1,1,1,1,71,1,0,2,0,1,19.8,1388.45,0
2878-DHMIN,1,0,1,1,35,1,0,1,0,0,19.9,666,0
7762-ONLJY,0,0,1,1,6,1,0,1,0,0,19.7,94.45,0
7608-RGIRO,1,0,0,1,62,1,1,2,1,0,24.4,1413,0
9814-AOUDH,1,0,0,0,53,1,0,2,0,1,19.5,1050.5,0
1622-HSHSF,0,0,0,0,1,1,0,0,1,0,19.55,19.55,0
7808-DVWEP,1,0,1,0,3,1,0,0,0,1,20.0,49.65,0
0366-NQSHS,1,0,0,0,2,1,0,0,0,0,19.35,46.35,0
6532-YLWSI,0,0,1,0,53,1,0,1,0,1,20.8,1021.8,1
4182-BGSIQ,0,0,1,1,10,1,0,0,1,1,19.8,196.75,0
2207-RYYRL,1,0,1,1,52,1,1,2,0,0,24.55,1331.05,0
6729-FZWSY,1,0,0,0,67,1,0,1,1,0,19.45,1195.95,0
7814-LEEVE,0,0,1,0,1,1,0,0,1,1,20.3,20.3,0
6654-QGBZZ,0,0,0,0,1,1,0,0,0,0,19.9,19.9,0
0607-DAAHE,1,0,0,1,53,1,0,2,0,1,19.75,1052.35,1
8510-BBWMU,0,0,0,0,41,1,0,1,1,0,19.75,806.95,0
6857-TKDJV,1,0,1,1,67,1,1,2,0,1,24.65,1620.45,0
0902-XKXPN,1,0,1,1,69,1,0,2,0,1,20.2,1376.5,0
5177-RVZNU,0,0,0,1,37,1,0,1,0,1,20.3,755.4,0
7515-LODFU,1,1,0,0,69,1,0,2,0,1,20.3,1356.3,0
8727-JQFHV,1,0,1,1,57,1,0,2,0,0,20.75,1123.15,0
2320-YKQBO,0,0,0,0,7,1,0,0,0,0,19.3,144.95,0
1215-EXRMO,1,0,1,0,50,1,0,2,0,0,20.55,1067.65,0
2673-ZALNP,0,0,0,0,7,1,0,1,0,0,19.9,173.15,0
9184-GALIL,0,0,1,1,38,1,0,0,0,0,20.45,781.25,0
3359-DSRKA,0,0,1,1,58,1,0,2,1,0,19.85,1158.85,0
7161-DFHUF,0,0,1,0,71,1,1,2,0,0,23.85,1672.1,0
6040-CGACY,0,0,0,0,15,1,0,0,0,0,19.6,299.4,0
6582-PLFUU,1,0,1,1,51,1,0,2,0,1,19.55,1086.75,0
0264-CNITK,0,0,1,1,71,1,0,2,0,1,20.1,1389.6,0
4774-HHGGS,1,0,1,0,30,1,0,2,0,0,19.05,637.55,0
4584-LBNMK,1,1,1,0,45,1,1,1,0,1,24.7,1174.35,0
9975-SKRNR,1,0,0,0,1,1,0,0,0,0,18.9,18.9,0
1449-XQEMT,1,0,0,0,3,1,0,0,1,0,19.8,58.15,1
3682-YEUWS,1,0,1,1,10,1,1,0,1,0,24.4,253.9,0
1223-UNPKS,1,0,1,1,20,1,0,2,0,0,20.05,400,0
1627-AFWVJ,0,0,0,0,29,1,0,2,0,0,19.4,554.25,0
4486-EFAEB,1,0,0,0,13,1,0,0,1,0,20.4,251.65,0
7853-GVUDZ,0,0,1,1,1,1,0,0,1,1,20.15,20.15,1
2303-PJYHN,0,0,1,0,2,1,0,0,0,1,19.85,52,0
1237-WIYYZ,0,0,0,0,18,1,0,0,1,0,19.55,389.25,0
1987-AUELQ,0,0,1,0,71,1,1,2,0,1,25.05,1873.7,0
6527-PZFPV,1,0,1,1,24,1,0,1,1,1,20.8,469.65,0
9593-CVZKR,0,0,1,1,56,1,1,2,1,0,24.45,1385.85,0
8595-SIZNC,0,1,1,0,22,1,1,1,0,1,25.6,548.8,0
5846-ABOBJ,1,0,1,0,71,1,1,2,0,1,24.45,1730.65,0
1439-LCGVL,0,0,1,0,26,1,0,1,0,0,19.2,459.6,0
1699-TLDLZ,0,0,1,1,16,1,0,2,0,0,19.7,301.55,0
7407-SUJIZ,1,0,0,0,25,1,0,0,0,0,20.6,541.5,0
9150-KPBJQ,0,0,0,0,6,1,0,2,0,1,19.65,116.85,0
9367-TCUYN,0,0,0,0,12,1,0,0,0,0,20.1,223.6,0
4140-WJAWW,0,0,0,0,5,1,0,0,0,1,19.85,108.05,1
6928-ONTRW,0,0,1,1,72,1,0,2,0,1,19.7,1379.8,0
5231-FIQPA,0,0,0,0,41,1,0,2,1,0,19.85,810.45,0
8774-GSBUN,1,0,1,0,72,1,1,2,0,0,25.4,1797.1,0
1401-FTHFQ,1,0,1,1,23,1,0,1,1,1,20.0,445.3,0
7298-IZWLY,0,0,0,0,1,1,0,0,1,0,19.4,19.4,0
4815-TUMEQ,0,0,0,0,10,1,0,1,1,0,19.3,185.2,0
4092-OFQZS,1,0,1,0,20,1,0,1,0,0,20.65,417.5,0
1561-BWHIN,1,0,1,1,19,1,0,1,0,0,19.8,344.5,0
2955-PSXOE,0,0,0,0,1,1,0,0,1,1,20.2,20.2,1
6925-BAYGL,0,1,1,0,53,1,1,2,0,1,25.1,1275.6,0
6551-ZCOTS,1,1,0,0,33,1,1,1,1,1,24.9,847.8,0
6892-BOGQE,0,0,1,0,71,1,0,2,1,1,20.9,1493.2,0
2821-WARNZ,0,0,0,1,49,1,0,1,0,1,19.45,921.3,0
8314-HTWVE,0,0,1,1,7,1,0,2,0,0,19.85,144.15,0
8779-YIQQA,1,0,1,1,21,1,0,1,0,0,19.8,350.1,0
8966-OIQHG,0,0,1,1,22,1,0,1,0,1,20.75,452.35,0
3705-PSNGL,1,0,0,0,45,1,0,1,1,0,20.4,930.45,1
8739-QOTTN,0,0,1,0,2,1,0,0,0,0,20.35,41.85,0
1399-OUPJN,0,0,1,1,57,1,0,2,0,1,19.75,1272.05,0
5774-XZTQC,0,0,1,1,7,1,0,0,0,0,20.45,150.75,0
6861-OKBCE,0,0,0,1,11,1,0,0,0,1,20.1,221.35,1
1328-EUZHC,0,0,1,0,18,1,0,2,0,0,20.1,370.5,0
1383-EZRWL,0,0,0,0,7,1,0,0,0,0,20.05,164.85,1
7267-FRMJW,0,0,1,1,25,1,0,2,0,0,20.1,486.05,0
1156-ZFYDO,0,0,0,0,1,1,0,0,0,0,19.75,19.75,0
5549-ZGHFB,1,0,1,1,50,1,1,2,0,0,24.95,1261.45,0
0303-WMMRN,1,0,0,0,5,1,0,0,1,0,19.25,86.05,0
3727-OVPRY,1,0,1,1,66,1,1,1,1,1,25.7,1714.55,0
3970-XGJDU,0,0,0,0,62,1,0,2,1,1,19.2,1123.65,0
7017-VFULY,0,0,1,0,2,1,0,0,0,1,20.1,43.15,0
5562-YJQGT,0,0,0,0,2,1,0,0,0,1,20.35,35.1,0
8807-OPMBM,0,0,1,1,55,1,1,2,1,1,25.65,1388,0
8092-NLTGF,1,0,0,0,72,1,1,2,0,1,24.75,1777.6,0
4801-KFYKL,1,0,0,1,8,1,0,0,0,1,19.45,159.2,0
7721-DVEKZ,0,0,0,0,1,1,0,0,0,0,19.65,19.65,0
9507-HSMMZ,1,0,0,0,54,1,0,2,0,0,20.0,1149.65,0
7813-TKCVO,0,0,1,0,20,1,0,1,0,0,20.35,393.15,0
3823-KYNQY,1,0,0,0,12,1,1,1,0,1,24.95,280.4,0
3507-GASNP,1,0,0,1,60,1,0,2,0,0,19.95,1189.9,0
7096-ZNBZI,0,0,1,0,72,1,1,2,0,1,26.45,1914.5,0
6202-JVYEU,1,0,0,0,9,1,0,1,1,0,19.9,164.6,0
7845-URHJN,0,0,1,0,8,1,0,0,0,1,20.15,156.25,1
5018-HEKFO,0,0,0,0,10,1,1,0,1,0,24.5,270.15,0
2923-ARZLG,1,0,1,1,0,1,0,1,1,0,19.7, ,0
3976-NLDEZ,1,0,0,0,1,1,0,0,0,0,20.6,20.6,0
1241-EZFMJ,1,0,1,0,61,1,1,2,0,1,25.45,1538.6,0
8044-BGWPI,1,0,1,1,12,1,0,0,1,0,21.15,306.05,0
1755-RMCXH,1,0,1,1,2,1,0,0,0,0,20.3,40.25,0
5902-WBLSE,0,0,1,1,70,1,0,2,1,1,20.15,1411.2,0
3239-TPHPZ,0,0,1,0,12,1,0,2,1,0,20.05,264.55,0
8075-GXIUB,1,1,1,0,9,1,0,1,0,1,19.85,183.15,0
7673-BQGKU,0,0,1,1,69,1,0,2,0,1,20.15,1337.5,0
0394-YONDK,1,0,1,1,70,1,1,2,0,1,25.15,1790.15,0
9708-KFDBY,1,0,0,0,1,1,0,0,0,1,20.55,20.55,0
7647-GYYKX,0,0,1,1,54,1,0,2,1,1,20.35,1092.35,0
0704-VCUMB,0,0,1,0,61,1,0,2,0,1,20.25,1278.8,0
8053-WWDRO,0,0,1,0,6,1,0,0,0,1,19.5,146.3,1
2690-DVRVK,1,0,1,1,5,1,0,1,0,0,20.55,99.45,0
5688-KZTSN,1,0,1,1,15,1,0,0,1,0,20.0,288.05,1
1270-XKUCC,0,0,1,1,30,1,0,2,0,0,19.7,599.25,0
9441-QHEVC,1,0,0,0,1,1,0,0,0,0,19.1,19.1,0
1460-UZPRJ,1,0,1,0,60,1,0,2,0,0,19.95,1258.15,0
6082-GLJIX,1,0,0,0,18,1,0,0,0,0,19.25,331.35,0
2495-TTHBQ,0,0,0,1,4,1,0,1,1,0,20.4,84.75,0
0485-ZBSLN,1,0,1,1,65,1,1,2,0,1,24.75,1715.1,0
3810-PJUHR,1,0,1,1,70,1,1,2,0,0,25.35,1715.15,0
0847-HGRML,1,0,0,1,62,1,0,2,0,1,20.0,1250.1,0
9860-LISIZ,0,0,0,0,34,1,0,0,0,0,20.35,673.2,0
9229-RQABD,1,0,0,0,18,1,1,1,0,0,23.75,424.5,0
5515-IDEJJ,1,0,1,1,1,1,0,0,0,0,19.9,19.9,1
5627-TVBPP,0,0,0,1,35,1,0,1,1,1,20.1,644.5,0
3936-QQFLL,1,0,0,0,2,1,0,0,0,0,19.75,39.3,0
2589-AYCRP,0,0,0,0,50,1,0,1,0,1,19.75,989.05,0
5124-EOGYE,1,0,0,0,31,1,0,2,0,0,20.45,638.55,0
5057-RKGLH,0,0,1,1,9,1,0,2,0,0,20.35,191.1,0
6407-GSJNL,0,0,0,0,51,1,1,2,0,1,24.95,1288,0
2300-RQGOI,0,0,0,0,38,1,0,2,0,0,20.05,741.5,0
5995-WWKKG,0,0,0,0,37,1,0,1,1,0,19.8,695.05,0
2481-SBOYW,0,0,0,1,61,1,1,2,1,1,25.0,1498.35,0
6141-OOXUQ,1,0,0,0,1,1,0,0,0,0,19.65,19.65,1
9970-QBCDA,0,0,0,0,6,1,0,0,0,1,19.7,129.55,0
6551-VLJMV,1,0,1,0,34,1,0,2,0,1,20.05,679,0
3458-IDMFK,1,0,0,0,25,1,0,2,1,0,20.75,499.4,0
0221-NAUXK,1,0,0,1,10,1,0,1,1,1,19.95,219.5,0
5519-TEEUH,1,0,0,1,33,1,0,1,1,0,20.15,682.15,0
2799-TSLAG,0,0,1,1,65,1,1,2,1,1,25.3,1748.55,0
2208-NKVVH,1,0,1,1,43,1,1,2,0,0,24.25,1077.95,0
1757-TCATG,1,0,1,1,35,1,0,1,0,1,20.05,746.75,0
8048-DSDFQ,1,0,0,0,1,1,0,0,0,0,20.2,20.2,0
6010-DDPPW,1,0,1,0,70,1,1,2,0,1,25.15,1940.85,0
2892-GESUL,0,0,1,1,18,1,0,2,0,0,19.35,309.25,0
1333-PBMXB,0,0,1,1,54,1,1,1,1,1,24.75,1342.15,0
6546-OPBBH,1,0,1,1,51,1,1,1,1,0,23.95,1216.35,0
5919-VCZYM,1,0,0,0,2,1,0,0,0,0,20.05,42.7,0
8174-LNWMW,0,0,0,0,31,1,0,2,0,1,20.9,689.35,0
4632-PAOYU,1,0,1,1,22,1,0,1,0,0,19.95,433.5,0
3803-KMQFW,0,0,1,1,1,1,0,0,0,0,20.55,20.55,1
4589-IUAJB,1,0,1,0,70,1,1,2,0,1,24.25,1724.15,0
8746-BFOAJ,1,1,0,0,21,1,0,1,0,1,20.5,429.55,0
8457-XIGKN,1,0,0,0,20,1,0,0,1,1,19.6,356.15,0
6072-NUQCB,1,0,1,1,22,1,0,1,0,1,20.25,488.25,0
8838-GPHZP,0,0,0,0,63,1,0,2,1,0,20.6,1298.7,0
8750-QWZAJ,0,0,1,1,70,1,0,2,0,1,19.8,1378.75,0
5088-QZLRL,1,0,0,0,1,1,0,0,0,0,20.65,20.65,0
4397-FRLTA,0,0,0,0,4,1,0,0,0,0,20.15,84.5,0
5546-BYZSM,0,0,0,0,41,1,0,0,0,0,20.45,775.6,0
4163-HFTUK,1,0,0,0,51,1,0,1,0,0,19.1,1007.8,0
8215-NGSPE,0,0,1,1,42,1,0,2,0,0,20.0,833.55,0
8859-YSTWS,1,0,0,0,48,1,0,1,0,1,19.95,1004.5,0
7601-DHFWZ,0,0,0,0,48,1,1,2,0,1,24.0,1183.05,0
4667-OHGKG,1,0,0,0,1,1,0,0,1,0,19.3,19.3,1
1998-VHJHK,0,0,0,0,27,1,0,1,0,0,19.15,501.35,0
0487-VVUVK,1,0,1,1,25,1,0,0,1,0,19.15,477.6,0
5063-IUOKK,1,0,0,0,13,1,0,2,0,0,19.75,265.75,0
2308-STERM,0,0,0,0,2,1,0,0,0,0,19.4,61.05,0
5982-XMDEX,0,0,0,0,65,1,1,2,0,1,26.5,1698.55,0
6051-PTVNS,0,0,1,1,55,1,0,1,0,1,19.15,998.1,0
1493-AMTIE,1,0,0,0,1,1,0,0,1,1,20.2,20.2,1
0816-TSPHQ,1,0,0,0,2,1,0,0,0,0,20.75,44.2,0
9932-WBWIK,1,0,0,0,11,1,0,0,0,0,20.35,215.25,0
8963-MQVYN,0,0,0,1,22,1,0,0,1,0,20.55,469.85,0
5028-HTLJB,1,1,0,0,1,1,0,0,0,0,20.05,20.05,1
5567-GZKQY,1,0,0,0,58,1,0,2,0,1,20.3,1131.5,0
1222-LRYKO,1,0,0,1,6,1,1,0,0,0,26.35,184.05,0
2320-JRSDE,0,0,1,1,1,1,0,0,1,0,19.9,19.9,1
5143-WMWOG,1,0,0,0,1,1,0,0,0,0,19.95,19.95,1
6490-FGZAT,1,0,0,0,6,1,0,0,0,0,20.65,109.3,0
7452-FOLON,1,0,0,1,39,1,1,1,0,1,25.45,958.45,0
2320-TZRRH,0,0,0,0,20,1,0,1,0,0,19.5,403.15,0
5510-BOIUJ,1,0,0,1,1,1,0,0,0,0,19.25,19.25,1
6147-CBCRA,0,0,1,0,33,1,0,0,0,0,20.05,669.45,0
5666-MBJPT,1,0,0,0,65,1,1,2,1,1,25.1,1725,0
4396-KLSEH,1,0,0,0,4,1,0,0,1,0,19.85,63,0
6469-QJKZW,0,0,1,0,4,1,0,0,0,0,20.15,91.4,0
7812-FZHPE,0,0,1,1,17,1,1,0,0,0,24.1,409.9,1
6370-ZVHDV,0,0,1,0,61,1,1,2,0,1,25.3,1554.9,0
6260-XLACS,1,0,0,0,4,1,0,1,0,0,19.7,117.8,0
9103-CXVOK,1,0,1,1,1,1,0,0,0,0,19.75,19.75,0
6982-UQZLY,0,1,1,0,1,1,0,0,1,0,20.85,20.85,1
4475-NVTLU,1,0,1,1,45,1,0,2,0,0,19.2,903.7,0
9585-KKMFD,1,0,1,1,41,1,0,2,1,0,20.0,879.8,0
5619-XZZKR,1,0,0,0,4,1,0,1,0,0,19.95,68.2,0
0795-XCCTE,1,1,0,0,72,1,1,2,0,1,25.4,1809.35,0
3785-NRHYR,1,0,0,0,1,1,0,0,0,0,19.65,19.65,0
5602-BVFMK,0,0,0,0,12,1,0,1,0,0,19.3,228.75,0
8204-TIFGJ,0,0,0,0,23,1,0,0,1,1,20.3,470.6,0
1089-XZWHH,0,0,1,1,24,1,0,2,1,0,19.7,494.05,0
9648-BCHKM,0,0,1,1,18,1,1,2,1,1,24.65,471.35,0
2888-ADFAO,0,0,1,1,47,1,0,2,1,1,21.3,1041.8,0
7167-PCEYD,1,0,0,0,67,1,0,2,1,0,19.8,1311.3,0
4936-YPJNK,0,0,0,0,10,1,0,0,1,0,19.9,199.45,0
4817-KEQSP,0,0,1,1,71,1,0,2,0,1,19.85,1326.35,0
9251-AWQGT,0,0,1,1,48,1,0,2,0,0,20.0,935.9,0
8749-CLJXC,1,0,0,0,1,1,0,0,0,0,20.05,20.05,0
5049-GLYVG,1,0,0,0,1,1,0,0,0,0,20.6,20.6,1
2384-OVPSA,0,1,0,0,38,1,0,2,0,0,20.2,735.9,0
3580-GICBM,0,0,1,1,61,1,1,2,1,0,24.2,1445.2,0
0932-YIXYU,0,0,0,0,47,1,0,2,0,1,20.25,1029.8,0
7480-SPLEF,1,0,1,1,69,1,1,2,1,1,26.0,1796.55,0
7636-XUHWW,1,0,0,0,2,1,0,0,1,1,19.9,33.7,0
1431-CYWMH,0,0,1,1,22,1,0,0,0,1,19.05,454.05,0
6349-JDHQP,0,0,0,0,53,1,0,2,0,1,19.85,1049.6,0
5539-HIVAK,0,1,1,0,28,1,1,0,0,0,25.7,734.6,0
5847-MXBEO,1,0,0,0,22,1,0,1,0,0,20.3,475.1,0
1539-LNKHM,0,0,0,0,12,1,0,0,0,0,20.4,266.6,0
3090-QFUVD,0,0,0,0,1,1,0,0,0,1,20.3,20.3,0
1722-LDZJS,1,0,1,1,53,1,0,1,0,1,20.2,1068.15,0
0506-YLVKJ,1,0,1,1,46,1,0,2,1,0,20.2,917.45,0
2805-AUFQN,0,0,0,0,25,1,0,2,0,1,19.8,475.2,0
1555-HAPSU,0,0,1,1,71,1,1,2,0,1,23.9,1663.5,0
7854-EKTJL,0,0,0,1,2,1,0,0,1,0,19.6,35.85,1
8464-EETCQ,1,0,0,0,57,1,0,2,0,1,18.8,1094.35,0
0787-LHDYT,1,0,0,0,16,1,0,0,1,1,20.6,330.25,0
9066-QRSDU,0,0,1,0,69,1,1,1,1,0,26.3,1763.55,0
9867-NNXLC,0,0,0,0,22,1,0,0,1,0,20.05,470.2,0
0402-OAMEN,0,0,1,1,72,1,1,2,0,1,24.45,1709.1,0
6754-WKSHP,1,0,0,1,30,1,1,1,0,1,25.35,723.3,0
4641-FROLU,0,0,1,1,30,1,0,2,0,0,19.3,602.9,0
2862-JVEOY,1,0,0,0,6,1,0,1,0,0,19.15,124.4,0
0281-CNTZX,1,0,1,0,63,1,0,2,1,1,19.95,1234.8,0
8241-JUIQO,0,0,0,0,61,1,0,1,0,1,19.45,1336.35,0
9631-RXVJM,1,0,0,0,35,1,0,2,0,0,19.25,677.9,0
5093-FEGLU,0,0,1,0,47,1,0,2,0,1,19.65,921.55,0
2621-UDNLU,0,0,1,0,3,1,0,0,0,0,20.85,72,0
7526-IVLYU,1,0,0,0,3,1,0,0,1,0,19.65,68.35,0
2428-HYUNX,1,1,1,0,44,1,0,2,1,1,19.35,847.25,0
0568-ONFPC,1,0,1,1,5,1,1,0,1,1,25.9,135,1
8909-BOLNL,1,0,0,0,3,1,0,1,0,0,21.2,52.05,0
2138-VFAPZ,0,0,1,1,14,1,0,2,1,0,19.7,263.65,0
6131-JLWZM,0,0,0,0,13,1,0,0,1,0,20.3,275.4,0
0269-XFESX,1,0,1,1,23,1,1,1,0,0,24.35,538.5,0
1709-EJDOX,0,0,1,1,47,1,0,2,0,0,19.75,948.9,0
3549-ZTMNH,1,0,1,1,12,1,1,2,1,1,24.0,269.65,0
1635-NZATJ,1,1,1,0,71,1,1,2,0,1,25.45,1789.65,0
0562-HKHML,1,0,1,1,71,1,1,2,0,1,23.9,1626.4,0
8277-RVRSV,0,0,1,1,33,1,1,1,0,1,24.15,800.3,0
4786-UKSNZ,1,0,0,0,1,1,0,0,0,0,20.2,20.2,1
9500-WBGRP,1,0,0,0,69,1,0,2,1,0,19.1,1268.85,0
5144-PQCDZ,1,0,0,0,4,1,0,0,1,0,19.95,59.25,0
8514-VZHEB,1,0,1,1,59,1,0,2,0,0,19.5,1147.85,0
2236-HILPA,1,0,1,1,62,1,0,2,0,1,20.65,1218.45,0
6080-LNESI,1,0,0,0,51,1,1,2,0,0,24.75,1234.6,0
1830-IPXVJ,0,0,1,1,61,1,0,2,0,1,19.75,1311.6,0
9418-RUKPH,0,0,1,1,38,1,0,2,1,0,19.95,756.4,0
7951-QKZPL,0,0,1,1,33,1,1,2,1,0,24.5,740.3,1
4430-YHXGG,0,0,0,1,4,1,1,0,1,0,25.45,84.2,0
2729-VNVAP,0,0,1,1,33,1,0,2,0,1,19.8,641.35,0
9800-OUIGR,1,0,1,1,66,1,0,2,0,1,20.0,1374.2,0
7094-MSZAO,1,0,1,1,10,1,0,0,1,1,20.05,218.5,0
0780-XNZFN,1,0,0,0,57,1,0,2,0,1,20.65,1125.6,0
2675-IJRGJ,1,0,0,0,53,1,0,2,0,1,19.65,978,0
8577-QSOCG,0,0,1,1,38,1,0,2,1,0,20.2,746.05,0
3721-CNZHX,1,0,0,0,15,1,0,1,0,0,19.8,304.6,0
1099-GODLO,0,0,1,1,1,1,0,2,0,0,20.35,20.35,0
6828-HMKWP,1,0,1,1,12,1,0,2,0,1,21.05,262.05,0
5656-JAMLX,1,0,0,0,62,1,0,2,0,1,19.85,1253.65,0
0442-TDYUO,1,0,1,0,48,1,0,2,1,0,20.05,1036,0
9503-XJUME,1,0,0,1,52,1,0,1,0,1,19.65,928.4,0
4451-RWASJ,1,0,1,1,15,1,0,1,1,0,19.5,239.75,0
3460-TJBWI,1,0,1,1,24,1,1,2,0,0,24.2,609.05,0
5917-HBSDW,0,0,1,1,37,1,0,0,0,0,19.35,683.75,0
8859-DZTGQ,1,0,0,0,33,1,0,2,0,0,20.35,689.75,0
3752-CQSJI,0,0,1,1,13,1,0,0,1,0,20.45,254.5,0
5025-GOOKI,0,0,0,0,20,1,0,0,1,1,18.9,347.65,0
4698-KVLLG,0,1,0,0,51,1,0,2,0,1,19.6,967.9,0
4770-QAZXN,0,0,0,0,13,1,0,0,0,1,19.45,232.1,0
4896-CPRPF,1,0,1,1,35,1,1,2,0,1,25.45,809.25,0
7353-YOWFP,0,0,0,0,7,1,0,1,0,0,20.25,129.15,0
3363-EWLGO,0,0,0,0,5,1,0,0,0,0,19.95,109.6,0
4750-UKWJK,0,1,1,0,37,1,0,1,0,0,19.6,727.8,0
4487-ZYJZK,0,0,1,1,38,1,0,1,0,1,19.6,763.1,0
7634-HLQJR,0,0,1,1,47,1,0,2,0,1,20.05,1016.7,0
4079-ULGFR,1,0,0,0,16,1,0,0,0,0,20.0,275.7,0
0057-QBUQH,0,0,0,1,43,1,1,2,1,0,25.1,1070.15,0
0613-WUXUM,0,0,1,1,70,1,0,2,1,0,19.2,1401.4,0
4458-KVRBJ,1,0,0,0,59,1,1,2,0,0,25.0,1510.5,0
3387-PLKUI,0,0,1,1,13,1,0,0,0,0,18.8,251.25,0
6096-EGVTU,0,0,1,1,64,1,1,1,0,0,24.9,1595.5,0
1468-DEFNC,1,1,1,1,64,1,1,2,1,1,24.4,1548.65,0
7493-GVFIO,1,0,0,0,57,1,0,2,0,1,20.55,1252.85,0
0690-SRQID,1,0,0,0,4,1,0,0,1,0,19.65,67.55,0
7711-GQBZC,0,0,1,1,71,1,1,2,0,1,24.7,1810.55,0
8573-CGOCC,1,0,0,0,16,1,0,0,0,1,19.75,294.9,0
7356-AYNJP,0,0,0,0,4,1,1,1,0,0,23.9,97.5,0
6286-SUUWT,1,0,0,0,1,1,0,0,0,0,19.95,19.95,0
3308-DGHKL,1,0,0,0,69,1,0,2,1,1,19.3,1447.9,0
7337-CINUD,0,0,1,1,8,1,0,2,0,1,19.5,159.35,0
7609-NRNCA,0,0,0,0,17,1,0,1,0,0,19.55,280.85,0
3190-ITQXP,0,0,1,1,46,1,0,2,0,1,20.25,890.35,0
3039-MJSLN,1,0,0,1,3,1,0,0,0,1,20.2,50.6,0
0178-CIIKR,0,0,0,0,3,1,0,0,0,0,19.95,58,0
5774-QPLTF,1,0,1,1,50,1,0,1,1,0,20.35,938.95,0
6685-XSHHU,1,0,1,1,60,1,0,2,1,1,20.95,1270.55,0
4903-UYAVB,1,0,1,0,5,1,0,0,0,0,19.35,126.05,1
6776-TLWOI,1,0,0,0,3,1,0,0,0,0,19.85,64.55,1
3845-FXCYS,1,0,0,0,2,1,0,0,1,0,19.65,31.2,0
5857-XRECV,0,0,0,1,2,1,0,1,0,1,20.5,38.25,0
2220-IAHLS,0,0,0,0,1,1,0,0,0,1,19.4,19.4,0
3719-TDVQB,0,1,1,0,54,1,0,2,1,0,18.95,1031.1,0
0224-NIJLP,1,0,1,1,8,1,0,2,0,0,20.15,165.5,0
7542-CYDDM,1,0,0,0,18,1,0,0,0,0,20.05,358.5,0
0071-NDAFP,1,0,1,1,25,1,1,2,0,1,25.5,630.6,0
7328-ZJAJO,0,0,1,1,59,1,0,2,0,1,19.5,1222.65,0
8999-EXMNO,0,0,1,1,19,1,0,2,0,0,20.15,387.7,0
6725-TPKJO,1,0,0,0,44,1,0,2,0,0,20.05,845.25,0
0042-JVWOJ,1,0,0,0,26,1,0,1,1,1,19.6,471.85,0
2097-YVPKN,1,0,0,0,65,1,1,2,0,0,25.75,1654.75,0
9962-BFPDU,0,0,1,1,1,1,0,0,0,0,20.05,20.05,0
6394-HHHZM,1,0,0,0,3,1,0,0,0,0,20.7,57.5,0
5995-LFTLE,1,0,0,0,58,1,1,2,1,1,25.3,1474.35,0
9374-YOLBJ,0,0,1,1,1,1,0,0,0,0,19.25,19.25,0
5066-GFJMM,0,0,1,0,3,1,0,0,1,0,19.9,45.75,0
7268-WNTCP,1,0,1,1,62,1,0,2,0,1,20.45,1297.35,0
9746-UGFAC,0,0,0,0,22,1,0,1,0,1,20.85,450.65,0
0625-AFOHS,0,0,1,1,29,1,0,2,0,0,20.2,558.8,0
5003-OKNNK,0,0,1,1,15,1,0,1,0,1,20.35,335.95,0
4195-SMMNX,1,0,0,0,2,1,0,0,0,0,20.35,33.2,1
7435-ZNUYY,1,0,0,0,6,1,0,1,0,0,20.6,116.6,0
1354-YZFNB,1,0,1,1,4,1,0,2,0,1,19.55,68.8,0
2717-HVIZY,0,0,0,1,8,1,0,0,0,0,20.05,163.6,0
7977-HXJKU,1,0,0,1,21,1,0,2,0,0,19.6,397,0
6615-ZGEDR,1,0,0,0,1,1,0,0,0,0,19.7,19.7,1
7033-CLAMM,0,0,1,1,48,1,0,2,0,1,20.2,1027.25,0
3967-VQOGC,0,0,1,1,67,1,1,2,1,0,24.9,1680.25,0
3043-SUDUA,0,0,0,0,32,1,0,0,0,1,19.9,601.55,0
2169-RRLFW,0,0,1,0,71,1,1,2,0,1,25.6,1888.25,0
8946-BFWSG,1,0,1,1,63,1,1,2,0,0,25.25,1573.05,0
0547-HURJB,1,0,0,1,12,1,0,0,0,1,21.05,235.8,0
1577-HKTFG,0,0,1,0,30,1,0,0,0,1,19.65,655.85,1
2081-KJSQF,1,0,0,0,1,1,0,0,1,0,20.25,20.25,0
0902-RFHOF,1,0,0,0,38,1,0,1,0,0,20.1,730.1,0
3451-VAWLI,0,0,1,1,35,1,0,2,0,1,19.7,730.4,0
3407-QGWLG,1,0,0,1,3,1,0,0,1,0,20.05,75.45,0
8073-IJDCM,0,0,0,0,1,1,0,0,1,0,20.3,20.3,1
9717-IOAAF,1,0,0,1,27,1,1,2,1,1,25.85,788.55,0
1535-VTJOQ,0,0,0,0,24,1,1,2,0,1,25.15,553,0
6368-TZZDT,1,0,1,1,4,1,0,2,0,1,19.5,96.85,0
1293-BSEUN,0,0,1,1,72,1,0,2,1,0,20.7,1482.3,0
1302-TPUBN,1,0,0,0,66,1,0,2,0,1,19.35,1240.8,0
0927-CNGRH,1,0,0,1,1,1,0,0,0,0,19.55,19.55,0
1952-DVVSW,0,0,1,0,10,1,0,1,0,0,20.1,184.4,0
1963-VAUKV,0,0,0,0,1,1,0,0,0,0,20.4,20.4,1
3777-XROBG,0,0,1,1,58,1,0,2,0,1,19.55,1079.65,0
3653-NCRDJ,1,0,1,1,43,1,0,1,1,0,19.2,776.25,0
3472-QPRCH,1,0,1,1,40,1,1,2,0,1,25.25,1006.9,0
0480-KYJVA,0,0,1,1,72,1,1,2,0,1,24.25,1784.5,0
6000-UKLWI,1,0,0,0,41,1,0,2,0,0,20.15,802.35,0
2096-XOTMO,0,0,1,1,16,1,0,0,0,0,19.35,275.9,0
3266-FTKHB,1,0,0,0,17,1,0,2,0,0,19.15,343.45,0
2346-LOCWC,0,0,1,1,58,1,0,2,0,1,20.5,1191.4,0
2995-YWTCD,0,0,1,1,19,1,1,2,1,1,24.9,467.7,0
7727-SHVZV,0,0,0,0,9,1,0,0,0,1,19.5,150.35,0
7601-WFVZV,1,0,0,0,1,1,0,0,0,0,19.55,19.55,0
4609-KNNWG,0,0,1,1,27,1,0,2,0,0,19.9,550.1,0
8164-OCKUJ,0,0,1,1,59,1,0,2,0,0,20.6,1286,0
7945-PRBVF,1,0,0,0,35,1,0,2,0,1,21.45,705.45,0
0859-YGKFW,1,0,1,1,18,1,0,1,0,1,20.05,345.9,0
7196-LIWRH,0,0,0,0,6,1,0,2,0,0,19.55,124.45,0
9318-NKNFC,1,0,0,0,1,1,0,0,1,0,18.85,18.85,1
3985-HOYPM,1,0,0,0,26,1,0,1,0,0,19.4,525.55,0
9548-LERKT,1,0,1,0,24,1,0,2,0,0,19.75,483.15,0
2676-ISHSF,1,0,0,0,1,1,0,0,0,0,20.3,20.3,0
1092-WPIVQ,0,0,1,1,18,1,1,2,0,0,25.1,428.45,0
2400-FEQME,1,0,1,1,55,1,0,2,0,0,20.5,1177.95,0
4957-SREEC,1,0,1,1,70,1,0,2,0,1,20.35,1458.1,0
1763-KUAAW,0,1,0,0,18,1,0,1,0,1,20.35,369.6,0
1635-HDGFT,0,0,0,1,19,1,0,2,0,0,20.5,398.55,0
8969-PRHFK,1,0,0,0,18,1,0,1,0,0,19.65,411.25,0
0661-KQHNK,0,0,1,1,6,1,0,1,0,1,19.0,105.5,0
4488-PSYCG,1,0,0,0,16,1,0,0,0,1,20.25,327.45,1
9801-NOSHQ,1,0,0,1,23,1,0,1,0,0,19.8,465.45,0
2159-TURXX,1,0,0,0,5,1,0,0,0,1,20.05,95.55,0
5647-URDKA,1,0,1,1,8,1,0,2,0,0,19.7,130.25,0
2229-DPMBI,0,0,1,1,8,1,0,2,0,0,19.5,162.15,0
2342-CKIAO,0,0,0,0,2,1,0,0,0,0,20.3,41.2,0
9617-UDPEU,0,0,0,0,22,1,0,1,1,0,19.25,412.55,0
6340-DACFT,0,0,1,1,50,1,0,2,0,1,20.55,1070.25,0
4955-VCWBI,0,0,1,1,43,1,0,1,0,0,20.0,817.95,0
6813-GZQCG,0,0,1,1,45,1,1,2,1,1,24.65,1171.3,0
3389-KTRXV,0,0,1,1,23,1,1,2,0,0,23.85,625.65,0
3118-UHVVQ,0,0,1,0,68,1,1,2,0,1,25.8,1911.5,0
8317-BVKSO,1,0,0,0,14,1,0,0,1,0,20.05,299.3,0
1000-AJSLD,1,0,0,0,1,1,0,0,1,0,20.1,20.1,1
9770-LXDBK,0,0,0,0,3,1,0,0,0,0,20.4,63.15,0
4086-WITJG,1,0,1,1,71,1,0,2,0,1,19.7,1301.1,0
2791-SFVEW,0,0,0,0,9,1,0,0,0,1,20.15,238.15,0
6762-NSODU,0,0,1,1,46,1,0,2,0,1,19.4,958.15,0
1074-WVEVG,0,0,1,0,59,1,0,1,0,0,20.35,1267,0
5474-LAMUQ,1,0,1,0,24,1,0,1,0,0,20.1,533.9,0
4990-ALDGW,1,0,0,0,57,1,0,2,0,0,20.75,1118.8,0
8006-PYCSW,0,0,0,0,2,1,0,0,0,0,20.1,39.8,0
8249-THVEC,1,0,1,1,51,1,0,1,0,0,19.4,997.75,0
2164-SOQXL,0,0,1,1,20,1,0,0,0,0,20.05,406.05,0
4020-KIUDI,1,0,1,1,6,1,0,0,0,1,19.85,138.85,0
5850-BDWCY,0,0,0,0,6,1,0,0,0,0,20.2,123.65,0
0827-ITJPH,1,0,0,0,36,1,0,2,1,1,18.55,689,0
1705-GUHPV,0,0,0,0,63,1,1,2,0,0,24.2,1618.2,0
4779-ZGICK,1,0,1,1,48,1,1,2,0,0,23.55,1173.35,0
0048-PIHNL,0,0,1,0,49,1,0,1,0,1,20.45,900.9,0
2346-CZYIL,1,0,0,0,27,1,0,2,0,1,20.35,531.6,0
6258-NGCNG,1,0,0,0,7,1,1,0,0,0,23.5,173,0
3978-YNKDD,1,0,0,1,19,1,0,2,0,1,20.85,467.5,0
0064-SUDOG,0,0,1,1,12,1,0,2,0,1,20.3,224.5,0
3662-FXJFO,0,0,0,0,54,1,0,2,1,0,20.5,1035.7,0
7878-RTCZG,0,0,0,0,1,1,0,0,0,0,19.9,19.9,0
2452-MRMZF,0,1,1,0,72,1,1,2,1,1,25.7,1937.4,0
2509-TFPJU,1,0,1,0,72,1,1,2,0,1,25.75,1864.2,0
2068-WWXQZ,1,0,0,0,46,1,0,2,0,1,20.05,902,0
2061-VVFST,0,0,1,0,37,1,0,0,0,1,19.5,805.2,0
1272-ILHFG,1,0,1,1,15,1,0,1,0,0,19.65,332.65,0
0164-XAIRP,0,0,0,0,24,1,0,2,1,1,19.55,470.2,0
7558-IMLMT,1,0,1,1,67,1,0,2,1,0,20.8,1411.9,0
3590-TCXTB,1,0,0,0,1,1,0,0,0,0,20.35,20.35,0
2740-JFBOK,1,0,0,0,10,1,1,0,1,0,24.0,226.55,0
1241-FPMOF,1,0,0,0,52,1,0,2,0,0,19.65,1025.05,0
7956-XQWGU,1,0,0,0,27,1,0,0,1,1,19.4,460.25,0
2369-FEVNO,1,0,0,0,1,1,0,0,1,0,19.9,19.9,0
5115-SQAAU,0,0,1,1,69,1,1,2,1,1,25.6,1673.4,0
9845-QOMAD,1,0,1,1,14,1,0,1,0,0,19.75,309.35,0
9916-AYHTC,1,0,0,0,48,1,0,2,0,1,19.85,916,0
1488-SYSFC,1,0,1,1,31,1,0,0,1,0,20.65,702.05,0
0970-QXPXW,0,0,0,0,1,1,0,0,0,0,19.65,19.65,0
5893-KCLGT,0,0,0,1,72,1,0,2,1,0,19.75,1567,0
9546-KDTRB,0,0,0,0,19,1,1,0,0,1,24.7,465.85,0
1760-CAZHT,1,0,0,1,25,1,0,0,0,0,20.8,460.2,0
7839-QRKXN,0,0,0,0,1,1,0,0,1,0,20.2,20.2,1
8441-SHIPE,0,0,0,0,67,1,1,2,1,1,25.6,1790.35,0
4597-ELFTS,1,0,0,0,56,1,1,1,0,0,24.9,1334,1
1047-RNXZV,1,0,0,0,43,1,0,2,0,0,19.55,876.15,0
4933-BSAIP,0,0,1,0,40,1,0,2,0,0,19.1,780.1,0
2030-BTZRO,1,0,1,1,6,1,0,2,1,1,20.4,107.6,0
4707-MAXGU,1,0,1,0,72,1,1,2,0,1,25.85,1872.2,0
7976-CICYS,1,0,0,0,4,1,0,0,1,1,20.7,83.75,0
2005-DWQZJ,0,0,1,1,8,1,0,2,0,0,19.05,201.7,0
8148-WOCMK,1,0,1,1,8,1,0,2,0,1,19.6,125,0
7815-PDTHL,1,0,0,0,35,1,0,2,1,0,20.2,684.4,0
9173-IVZVP,0,0,1,1,53,1,0,2,0,0,20.9,1146.05,0
1724-IQWNM,1,0,0,1,1,1,0,0,1,0,19.3,19.3,0
5546-QUERU,1,0,0,0,13,1,0,1,1,0,19.95,257,0
9700-ZCLOT,1,0,0,0,2,1,0,0,0,0,20.0,32.7,0
4534-WGCIR,0,0,1,1,58,1,1,2,0,1,25.15,1509.9,0
5146-YYFRZ,1,0,0,0,67,1,0,2,0,1,19.95,1311.75,0
6848-HJTXY,0,0,1,0,64,1,0,2,0,1,19.45,1208.6,0
6976-BWGLQ,0,0,1,1,72,1,1,2,0,1,25.2,1787.35,0
2511-ALLCS,0,0,1,1,35,1,1,2,0,1,24.3,821.6,0
9945-PSVIP,0,0,1,1,25,1,0,2,1,0,18.7,383.65,0
0508-SQWPL,0,0,1,1,57,1,0,2,1,1,20.1,1087.7,0
7242-EDTYC,1,0,0,1,44,1,0,2,0,1,19.55,819.95,0
2595-KIWPV,1,0,0,1,27,1,0,2,0,1,19.7,509.3,0
6508-NJYRO,1,0,1,0,15,1,0,1,0,0,18.8,294.95,0
0357-NVCRI,0,0,0,1,25,1,0,0,0,1,20.05,471.7,0
3454-JFUBC,1,1,0,0,68,1,0,2,1,1,20.0,1396,0
9039-ZVJDC,1,0,0,0,3,1,0,0,1,0,19.1,53.05,0
9588-YRFHY,1,0,0,0,49,1,0,2,1,1,19.9,1022.6,0
9364-YKUVW,1,0,0,0,15,1,0,0,1,0,19.8,309.4,0
3078-ZKNTS,0,0,1,1,13,1,0,2,1,1,19.75,246.7,0
4745-LSPLO,1,0,0,0,1,1,0,0,0,0,20.5,20.5,1
0804-YGEQV,0,0,1,1,43,1,1,1,1,1,24.45,993.15,0
0052-YNYOT,0,0,0,0,67,1,0,1,0,0,20.55,1343.4,0
9347-AERRL,1,0,1,0,23,1,0,1,0,1,19.3,486.2,0
4807-IZYOZ,0,0,0,0,51,1,0,2,0,1,20.65,1020.75,0
9710-NJERN,0,0,0,0,39,1,0,2,0,0,20.15,826,0
9837-FWLCH,1,0,1,1,12,1,0,0,1,0,19.2,239,0
0871-OPBXW,0,0,0,0,2,1,0,0,1,0,20.05,39.25,0
2569-WGERO,0,0,0,0,72,1,0,2,1,1,21.15,1419.4,0
